<?xml version="1.0" encoding="utf-8" standalone="no" ?>
<sounds xmlns:xsi="http://www.w3.org/2001/XMLSchema-instance" xsi:noNamespaceSchemaLocation="../../../../../shared/xml/schema/vehicle_sounds.xsd">
    <motorized>
        <sounds>
            <motor template="engineLarge" file="$data/vehicles/johnDeere/t560/sounds/t560_loop.gls" volumeScale="1.4"/>
            <motor template="indoorCabinRumble" />
            <motor template="filterLoop" fadeIn="3" fadeOut="2" linkNode="flapBack"/>
            <gearbox template="transmissionHarvester" pitchScale="0.9" volumeScale="0.8"/>
            <reverseDrive template="REVERSE_BEEP_01" />
            <!-- change filter linkNode to airFilter after vehcile integration -->
        </sounds>
    </motorized>

    <lights>
        <sounds>
            <toggleLights template="SWITCH_01"  />
            <turnLight template="SWITCH_TURNLIGHT"  />
        </sounds>
    </lights>

    <attacherJoints>
        <sounds>
            <attach template="HEADER_ATTACH_01" linkNode="attacherJointCutter"/>
            <hydraulic template="defaultHydraulicHarvesters" linkNode="attacherJointCutter"/>
        </sounds>   
    </attacherJoints>

    <drivable>
        <sounds>
            <waterSplash template="WATER_SPLASH_01" linkNode="attacherJointCutter"/>
        </sounds>
    </drivable>
    
    <combine>
        <sounds>
            <chopperWork template="harvesterChopper"   linkNode="chopper"/>
            <chopStraw   template="chopStrawDischarge" linkNode="chopper"/>
            <dropStraw   template="dropStrawDischarge" linkNode="chopper"/>
        </sounds>
    </combine>

    <honk>
        <sound template="HONK_JD_HARVESTER" />
    </honk>
</sounds>
