﻿<?xml version="1.0" encoding="utf-8" standalone="no" ?>
<modDesc descVersion="61">
    <author>RedCat3D</author>
    <version>1.0.0.0</version>
    <iconFilename>icon.png</iconFilename>
	<multiplayer supported="true" />
	
	<title>
        <en>Joskin Betimax RDS 7500</en>
    </title>
	
    <description>
        <en><![CDATA[Joskin Betimax RDS 7500 Remastered
The Betimax RDS Livestocktrailer is provided with the system "ground level". The Axles where mounted on hydraulic hydraulic cylinders, this means the body can lowered to the ground.

Price:  24.000$
Number Sheep:  10
Number Pigs:   9
Number Cows:   6
Number Horses: 9]]></en>
        <de><![CDATA[Joskin Betimax RDS 7500 Remastered
Der Betimax RDS Viehtransporter ist mit dem System "Ebenerdig" versehen. Die Achsen werden auf Hydraulikzylindern montiert, mit denen der Viehtransporter auf dem Boden abgestellt werden kann.

Preis:  24.000€
Anzahl Schafe:   10
Anzahl Schweine: 9
Anzahl Kühe:     6
Anzahl Pferde:   9]]></de>
    </description>
	
    <storeItems>
        <storeItem xmlFilename="data/betimaxRDS7500/joskinBetimaxRDS7500.xml"/>
    </storeItems>
	
	<l10n>  
		<text name="configuration_fender">
            <en>Fender</en>
            <de>Kotflügel</de>
        </text>
		<text name="configuration_valueAttcherLow">
            <en>Low</en>
            <de>Tief</de>
        </text>
		<text name="configuration_valueAttcherHigh">
            <en>High</en>
            <de>Hoch</de>
        </text>
		<text name="colorJoskinYellow">
            <en>Joskin Yellow</en>
            <de>Joskin Gelb</de>
        </text>
		<text name="colorDefaultGrey">
            <en>Default Grey</en>
            <de>Normal Grau</de>
        </text>
		<text name="colorDefaultGreen">
            <en>Default Green</en>
            <de>Normal Grün</de>
        </text>
		<text name="colorGalvanizedGrey">
            <en>Galvanize, Grey</en>
            <de>Verzinkt, Grau</de>
        </text>
	</l10n>
</modDesc>
