﻿<?xml version="1.0" encoding="utf-8" standalone="no" ?>
<modDesc descVersion="63">
    <author>Tarczi007</author>
    <version>1.0.0.0</version>
<title>
<en>MAN TGX 6x4 Tanker Truck</en>
<de>MAN TGX 6x4 Tankaufbau</de>
<hu>MAN TGX 6x4 Tartályos</hu>
</title><description>
<en>
<![CDATA[Price: 160.000 €
Max. power: 640 hp
Max. speed: 80 kph
Capacity: 24.000 l

Filltypes:
Liquid Fertilizer
Herbicide
Liquid Manure
Fuel
Digestate
]]>
</en>
<de>
<![CDATA[Preis: 160000 €
Max. Leistung: 640 PS
Höchstgeschwindigkeit: 80 km/h
Kapazität: 24.000 l

Fülltypen:
Flüssigdünger
Herbizide
Gülle
Diesel/Kraftstoff
Gärreste
]]>
</de>
</description>
    <multiplayer supported="true"/>
    <iconFilename>icon_tgx26640.png</iconFilename> 
	<vehicleTypes>
    <type name="man_tanker" parent="baseDrivable" filename="$dataS/scripts/placeables/Placeable.lua">
        <specialization name="aiLoadable" />
        <specialization name="aiDischargeable" />
        <specialization name="waterTrailer" />
        <specialization name="fillVolume" />
        <specialization name="fillTriggerVehicle" />
        <specialization name="dischargeable" />
        <specialization name="cover" />
		</type>
	</vehicleTypes>
     <storeItems>
        <storeItem xmlFilename="tgx26640.xml"/>
    </storeItems>
</modDesc>
