﻿<?xml version="1.0" encoding="utf-8" standalone="no" ?>
<vehicle type="man_tanker" xmlns:xsi="http://www.w3.org/2001/XMLSchema-instance" xsi:noNamespaceSchemaLocation="../../../../shared/xml/schema/vehicle.xsd">
    <annotation>Copyright (C) GIANTS Software GmbH, All Rights Reserved.</annotation>
    <storeData>
        <name>
        <en>TGX 6x4 Tanker Truck </en>
        <de>TGX 6x4 Tankaufbau </de>
        <hu>TGX 6x4 Tartályos </hu>
        </name>
        <specs>
            <power>640</power>
            <maxSpeed>80</maxSpeed>
            <combination xmlFilename="$data/vehicles/lizard/mks8/mks8.xml"/>
        </specs>
        <functions>
            <function>$l10n_function_tank</function>
        </functions>
        <image>store_tgx26640.dds</image>
        <price>160000</price>
        <lifetime>600</lifetime>
        <rotation>0</rotation>
        <brand>MAN</brand>
        <category>animalsVehicles</category>
        <shopTranslationOffset>0 0.006 0</shopTranslationOffset>
        <shopRotationOffset>0.594 0 0</shopRotationOffset>
        <vertexBufferMemoryUsage>5504256</vertexBufferMemoryUsage>
        <indexBufferMemoryUsage>1430272</indexBufferMemoryUsage>
        <textureMemoryUsage>5636096</textureMemoryUsage>
        <audioMemoryUsage>386881</audioMemoryUsage>
        <instanceVertexBufferMemoryUsage>0</instanceVertexBufferMemoryUsage>
        <instanceIndexBufferMemoryUsage>0</instanceIndexBufferMemoryUsage>
    </storeData>
    <base>
        <typeDesc>$l10n_typeDesc_truck</typeDesc>
        <filename>tgx26640.i3d</filename>
        <sounds filename="sounds/tgx26640.xml"/>
        <size width="3.7" length="11.5" lengthOffset="-0.8"/>
        <components>
            <component centerOfMass="0.05 0.36 0" solverIterationCount="20" mass="9350"/>
        </components>
        <schemaOverlay attacherJointPosition="0 0" name="VEHICLE"/>
        <mapHotspot type="TRUCK"/>
    </base>
    <wheels>
        <wheelConfigurations>
            <wheelConfiguration name="$l10n_configuration_valueDefault" price="0" brand="CONTINENTAL">
                <wheels autoRotateBackSpeed="2.2">
                    <wheel filename="$data/shared/wheels/tires/continental/contiCrossTracHS3/385_65R22_5.xml" configId="truckTrailer03" isLeft="true" hasTireTracks="true" hasParticles="true">
                        <physics rotSpeed="1" restLoad="1.8" repr="axisFrontLeft" driveNode="wheelFrontLeft" forcePointRatio="0.5" initialCompression="25" suspTravel="0.11" spring="62" damper="50" frictionScale="3"/>
                    </wheel>
                    <wheel filename="$data/shared/wheels/tires/continental/contiCrossTracHS3/385_65R22_5.xml" configId="truckTrailer03" isLeft="false" hasTireTracks="true" hasParticles="true">
                        <physics rotSpeed="1" restLoad="1.8" repr="axisFrontRight" driveNode="wheelFrontRight" forcePointRatio="0.5" initialCompression="25" suspTravel="0.11" spring="62" damper="50" frictionScale="3"/>
                    </wheel>
                    <wheel filename="$data/shared/wheels/tires/continental/contiCrossTracHD3/315_80R22_5.xml" configId="dual" isLeft="true" hasTireTracks="true" hasParticles="true">
                        <physics rotSpeed="0" restLoad="1.7" repr="wheel_rear_left1" forcePointRatio="0.5" initialCompression="20" suspTravel="0.11" spring="67" damper="50" frictionScale="2"/>
                        <additionalWheel filename="$data/shared/wheels/tires/continental/contiCrossTracHD3/315_80R22_5.xml" configId="dualConnector" isLeft="true" offset="0.06"/>
                    </wheel>
                    <wheel filename="$data/shared/wheels/tires/continental/contiCrossTracHD3/315_80R22_5.xml" configId="dual" isLeft="false" hasTireTracks="true" hasParticles="true">
                        <physics rotSpeed="0" restLoad="1.7" repr="wheel_rear_right1" forcePointRatio="0.5" initialCompression="20" suspTravel="0.11" spring="67" damper="50" frictionScale="2"/>
                        <additionalWheel filename="$data/shared/wheels/tires/continental/contiCrossTracHD3/315_80R22_5.xml" configId="dualConnector" isLeft="false" offset="0.06"/>
                    </wheel>
                    <wheel filename="$data/shared/wheels/tires/continental/contiCrossTracHD3/315_80R22_5.xml" configId="dual" isLeft="true" hasTireTracks="true" hasParticles="true">
                        <physics rotSpeed="0" restLoad="1.6" repr="wheel_rear_left2" forcePointRatio="0.5" initialCompression="20" suspTravel="0.11" spring="65" damper="50" frictionScale="2" yOffset="-0.012"/>
                        <additionalWheel filename="$data/shared/wheels/tires/continental/contiCrossTracHD3/315_80R22_5.xml" configId="dualConnector" isLeft="true" offset="0.06"/>
                    </wheel>
                    <wheel filename="$data/shared/wheels/tires/continental/contiCrossTracHD3/315_80R22_5.xml" configId="dual" isLeft="false" hasTireTracks="true" hasParticles="true">
                        <physics rotSpeed="0" restLoad="1.6" repr="wheel_rear_right2" forcePointRatio="0.5" initialCompression="20" suspTravel="0.11" spring="65" damper="50" frictionScale="2" yOffset="-0.012"/>
                        <additionalWheel filename="$data/shared/wheels/tires/continental/contiCrossTracHD3/315_80R22_5.xml" configId="dualConnector" isLeft="false" offset="0.06"/>
                    </wheel>
                </wheels>
            </wheelConfiguration>
        </wheelConfigurations>
        <ackermannSteeringConfigurations>
            <ackermannSteering rotSpeed="35" rotMax="45" rotCenterWheel1="3" rotCenterWheel2="4"/>
        </ackermannSteeringConfigurations>
    </wheels>
    <dynamicallyLoadedParts>
        <dynamicallyLoadedPart node="0" linkNode="wheelChock01" filename="$data/shared/assets/wheelChocks/wheelChock03.i3d"/>
        <dynamicallyLoadedPart node="0" linkNode="wheelChock02" filename="$data/shared/assets/wheelChocks/wheelChock03.i3d"/>
    </dynamicallyLoadedParts>
    <lights>
        <states>
            <state lightTypes="0 1"/>
            <state lightTypes="1 3"/>
        </states>
        <sharedLight linkNode="plateNumberLight01" filename="$data/shared/assets/lights/lizard/plateNumberLight02.xml"/>
        <realLights>
            <low>
                <light node="frontLightLow" lightTypes="0" excludedLightTypes="3"/>
                <light node="highBeamLow" lightTypes="3"/>
            </low>
            <high>
                <light node="frontLightHigh" lightTypes="0" excludedLightTypes="3"/>
                <light node="licensePlateLightHigh" lightTypes="0"/>
                <light node="highBeamHigh" lightTypes="3"/>
                <light node="backLightsHigh1" lightTypes="0"/>
                <brakeLight node="backLightsHigh1"/>
                <turnLightLeft node="turnLightLeftFront"/>
                <turnLightRight node="turnLightRightFront"/>
                <reverseLight node="reverseLightHigh1"/>
                <interiorLight node="interiorScreenLight"/>
            </high>
        </realLights>
        <defaultLights>
            <defaultLight shaderNode="defaultLightStatic" lightTypes="0" intensity="20"/>
            <defaultLight shaderNode="defaultLightGlassStatic" lightTypes="0" intensity="0.02"/>
            <defaultLight shaderNode="defaultLigh01Static" lightTypes="0" intensity="20"/>
            <defaultLight shaderNode="defaultLigh01GlasStatic" lightTypes="0" intensity="0.05"/>
            <defaultLight shaderNode="backLightStatic" lightTypes="0" intensity="20"/>
            <defaultLight shaderNode="backLightGlassStatic" lightTypes="0" intensity="0.08"/>
            <defaultLight shaderNode="highbeamStatic" lightTypes="3"/>
        </defaultLights>
        <turnLights>
            <turnLightLeft shaderNode="turnlightLeftStatic" intensity="15"/>
            <turnLightLeft shaderNode="turnlightLeftGlassStatic" intensity="0.08"/>
            <turnLightRight shaderNode="turnlightRightStatic" intensity="20"/>
            <turnLightRight shaderNode="turnlightRightGlassStatic" intensity="0.08"/>
        </turnLights>
        <brakeLights>
            <brakeLight shaderNode="brakeLightStatic"/>
            <brakeLight shaderNode="backLightGlassStatic" intensity="0.08"/>
        </brakeLights>
        <reverseLights>
            <reverseLight shaderNode="reverselightStatic"/>
        </reverseLights>
        <dashboards>
            <dashboard displayType="EMITTER" valueType="lightState" node="cabinLightDecal" intensity="0.3" lightTypes="0" groups="MOTOR_ACTIVE"/>
            <dashboard displayType="EMITTER" valueType="lightState" node="dashboardGaugesDecal" intensity="0.3" lightTypes="0" groups="MOTOR_ACTIVE"/>
            <dashboard displayType="EMITTER" valueType="lightState" node="fuelNeedleGlow" intensity="0.3" lightTypes="0" groups="MOTOR_ACTIVE"/>
            <dashboard displayType="EMITTER" valueType="lightState" node="tempNeedleGlow" intensity="0.3" lightTypes="0" groups="MOTOR_ACTIVE"/>
            <dashboard displayType="EMITTER" valueType="lightState" node="airNeedle01Glow" intensity="0.3" lightTypes="0" groups="MOTOR_ACTIVE"/>
            <dashboard displayType="EMITTER" valueType="lightState" node="airNeedle02Glow" intensity="0.3" lightTypes="0" groups="MOTOR_ACTIVE"/>
            <dashboard displayType="EMITTER" valueType="lightState" node="speedNeedleGlow" intensity="0.3" lightTypes="0" groups="MOTOR_ACTIVE"/>
            <dashboard displayType="EMITTER" valueType="lightState" node="decalsMan1" intensity="0.8" lightTypes="0" groups="MOTOR_ACTIVE"/>
            <dashboard displayType="EMITTER" valueType="lightState" node="rpmNeedleGlow" intensity="0.3" lightTypes="0" groups="MOTOR_ACTIVE"/>
            <dashboard displayType="EMITTER" valueType="turnLightLeft" node="turnlightLeftDecal" baseColor="BLACK" emitColor="GREEN" groups="MOTOR_ACTIVE"/>
            <dashboard displayType="EMITTER" valueType="turnLightRight" node="turnlightRightDecal" baseColor="BLACK" emitColor="GREEN" groups="MOTOR_ACTIVE"/>
            <dashboard displayType="ROT" valueType="turnLight" node="leverTurnlight" minRot="0 10 0" maxRot="0 -10 0" doInterpolation="true"/>
        </dashboards>
    </lights>
    <licensePlates>
        <licensePlate node="licensePlateFront" position="FRONT" preferedType="ELONGATED" placementArea="0.06 0.26 0.07 0.26"/>
        <licensePlate node="licensePlateBack" position="BACK" preferedType="ELONGATED" placementArea="0.06 0.26 0.06 0.25"/>
    </licensePlates>
    <attacherJoints>
        <attacherJoint node="trailerAttacherJointBack" jointType="trailer" lowerRotLimit="25 50 50" lowerTransLimit="0 0 0" allowsJointLimitMovement="false" comboTime="0">
            <schema position="1 0" rotation="0" invertX="true"/>
        </attacherJoint>
        <attacherJoint node="trailerAttacherJointBack" jointType="trailerLow" lowerRotLimit="25 50 50" lowerTransLimit="0 0 0" allowsJointLimitMovement="false" comboTime="0">
            <schema position="1 0" rotation="0" invertX="true"/>
        </attacherJoint>
    </attacherJoints>
    <speedRotatingParts>
        <speedRotatingPart node="cardan01" radius="0.2"/>
        <speedRotatingPart node="cardan03" radius="0.2"/>
    </speedRotatingParts>
    <enterable isTabbable="true">
        <enterReferenceNode node="tgx26640_main_component1"/>
        <exitPoint node="exitPoint"/>
        <cameras>
            <camera node="outdoorCamera1" rotatable="true" rotateNode="outdoorCameraTarget" limit="true" useWorldXZRotation="true" rotMinX="-1.4" rotMaxX="1" transMin="6.75" transMax="40" translation="0 0 11" rotation="-10 179.9 0">
                <raycastNode node="cameraRaycastNode1"/>
                <raycastNode node="cameraRaycastNode2"/>
                <raycastNode node="cameraRaycastNode3"/>
            </camera>
            <camera node="indoorCamera1" rotatable="true" limit="true" rotMinX="-1.1" rotMaxX="0.4" transMin="0" transMax="0" useMirror="true" isInside="true" shadowFocusBox="shadowFocusBox" suspensionNodeIndex="2"/>
        </cameras>
        <characterNode node="playerSkin" cameraMinDistance="0.5" spineRotation="-90 0 90">
            <target ikChain="rightFoot" targetNode="playerRightFootTarget"/>
            <target ikChain="leftFoot" targetNode="playerLeftFootTarget"/>
            <target ikChain="rightArm" targetNode="playerRightHandTarget"/>
            <target ikChain="leftArm" targetNode="playerLeftHandTarget"/>
        </characterNode>
        <characterTargetNodeModifier node="playerRightFootTarget" transitionTime="0.1">
            <state node="playerRightFootTargetGas" referenceNode="gasPedal" directionReferenceNode="playerRightFootTargetGasRef"/>
            <state node="playerRightFootTargetBrake" referenceNode="brakePedal" directionReferenceNode="playerRightFootTargetBrakeRef"/>
        </characterTargetNodeModifier>
        <mirrors>
            <mirror node="mirrorDecal01" prio="2"/>
            <mirror node="mirrorDecal02" prio="2"/>
            <mirror node="mirrorDecal03" prio="1"/>
            <mirror node="mirrorDecal04" prio="1"/>
            <mirror node="mirrorDecal05" prio="2"/>
        </mirrors>
    </enterable>
    <motorized>
        <consumerConfigurations>
            <consumerConfiguration>
                <consumer fillUnitIndex="1" usage="192" fillType="diesel"/>
                <!-- usage is per hour at max load and max rpm -->
                <consumer fillUnitIndex="2" usage="300" fillType="air" permanentConsumption="false" refillLitersPerSecond="350" refillCapacityPercentage="0.5"/>
                <!-- usage per second at full brake power -->
            </consumerConfiguration>
        </consumerConfigurations>
        <differentialConfigurations>
            <differentialConfiguration>
                <differentials>
                    <differential torqueRatio="0.5" maxSpeedRatio="1.4" wheelIndex1="3" wheelIndex2="4"/>
                    <!-- middle -->
                    <differential torqueRatio="0.5" maxSpeedRatio="1.4" wheelIndex1="5" wheelIndex2="6"/>
                    <!-- back -->
                    <differential torqueRatio="0.5" maxSpeedRatio="1.3" differentialIndex1="1" differentialIndex2="2"/>
                    <!-- middle-back -->
                    <differential torqueRatio="0.5" maxSpeedRatio="1.4" wheelIndex1="1" wheelIndex2="2"/>
                    <!-- front -->
                    <differential torqueRatio="0.5" maxSpeedRatio="1.4" differentialIndex1="3" differentialIndex2="4"/>
                    <!-- middle-front -->
                </differentials>
            </differentialConfiguration>
        </differentialConfigurations>
        <motorConfigurations>
            <motorConfiguration name="TGX 26.640" hp="640" price="0">
                <motor torqueScale="3.068" minRpm="850" maxRpm="2200" maxForwardSpeed="83" maxBackwardSpeed="15" brakeForce="6" lowBrakeForceScale="0.22" rotInertia="0.006">
                    <torque rpm="850" torque="0.9"/>
                    <torque rpm="1000" torque="1"/>
                    <torque rpm="1450" torque="1"/>
                    <torque rpm="1900" torque="0.75"/>
                    <torque rpm="2200" torque="0.63"/>
                    <torque rpm="2500" torque="0.2"/>
                </motor>
                <transmission minForwardGearRatio="10" maxForwardGearRatio="280" minBackwardGearRatio="40" maxBackwardGearRatio="280" name="$l10n_info_transmission_automatic"/>
            </motorConfiguration>
        </motorConfigurations>
        <motorStartDuration>3300</motorStartDuration>
        <dashboards>
            <dashboard displayType="ANIMATION" valueType="speed" animName="speedDisplay" minValueAnim="0" maxValueAnim="125" groups="MOTOR_ACTIVE"/>
            <dashboard displayType="ANIMATION" valueType="motorTemperature" animName="tempDisplay" minValueAnim="0" maxValueAnim="120" groups="MOTOR_ACTIVE"/>
            <dashboard displayType="ANIMATION" valueType="rpm" animName="rpmDisplay" minValueAnim="500" maxValueAnim="3000" groups="MOTOR_ACTIVE"/>
            <dashboard displayType="MULTI_STATE" valueType="ignitionState" node="ignitionKey" doInterpolation="true" groups="MOTOR_ACTIVE">
                <state value="0" rotation="0 0 0"/>
                <state value="1" rotation="0 0 -90"/>
                <state value="2" rotation="0 0 -30"/>
            </dashboard>
        </dashboards>
    </motorized>
    <drivable>
        <steeringWheel node="steeringWheel" indoorRotation="360" outdoorRotation="35"/>
        <dashboards>
            <dashboard displayType="ROT" valueType="decelerationAxis" node="brakePedal" minRot="0 0 0" maxRot="-15 0 0" doInterpolation="true" groups="MOTOR_ACTIVE"/>
            <dashboard displayType="ROT" valueType="accelerationAxis" node="gasPedal" minRot="0 0 0" maxRot="-15 0 0" doInterpolation="true" groups="MOTOR_ACTIVE"/>
        </dashboards>
    </drivable>
    <fillUnit>
        <fillUnitConfigurations>
            <fillUnitConfiguration>
                <fillUnits>
                    <fillUnit unitTextOverride="$l10n_unit_literShort" showOnHud="false" showInShop="false" fillTypes="diesel" capacity="490">
                        <dashboard displayType="ANIMATION" valueType="fillLevel" animName="fuelDisplay" groups="MOTOR_ACTIVE"/>
                    </fillUnit>
                    <fillUnit unitTextOverride="$l10n_unit_literShort" showOnHud="false" showInShop="false" showOnInfoHud="false" fillTypes="air" capacity="4000">
                        <dashboard displayType="ANIMATION" valueType="fillLevel" animName="airDisplay" groups="MOTOR_ACTIVE"/>
                    </fillUnit>
		            <fillUnit unitTextOverride="$l10n_unit_literShort" fillTypes="MILK WATER DIESEL DEF LIQUIDFERTILIZER HERBICIDE LIQUIDMANURE DIGESTATE" capacity="24000">
                        <exactFillRootNode node="exactFillRootNode" />
                    </fillUnit>
                </fillUnits>
            </fillUnitConfiguration>
        </fillUnitConfigurations>
    </fillUnit>
	
    <fillTriggerVehicle triggerNode="fillTrigger" fillUnitIndex="3" litersPerSecond="350"/>
	<dischargeable>
        <dischargeNode node="dischargeNode" emptySpeed="450" fillUnitIndex="3" canDischargeToGround="true" allowAIDischarge="true">
            <info width="2" length="3" zOffset="0.5" />
            <trigger node="dischargeTrigger" />
        </dischargeNode>
        <dischargeable requiresTipOcclusionArea="false" />
    </dischargeable>
		
	
    <waterTrailer fillUnitIndex="3" fillLitersPerSecond="450" fillNode="tgx26640_main_component1">
        <sounds>
            <refill template="DEFAULT_REFUEL_SOUND" linkNode="0>" />
        </sounds>
    </waterTrailer>

	
    <cover>
        <coverConfigurations>
            <coverConfiguration>
                <cover openAnimation="toggleCover"/>
            </coverConfiguration>
        </coverConfigurations>
    </cover>
    <animations>
        <animation name="tempDisplay">
            <part node="tempNeedle" startTime="0" endTime="1" startRot="0 0 0" endRot="0 0 50"/>
        </animation>
        <animation name="toggleCover">
            <part node="mks8_vis" startTime="0" endTime="2" startRot="0 90 0" endRot="160 90 0"/>
			            <sound template="metalOpen"  startTime="0.001" direction="1" volumeScale="2" pitchScale="0.7" linkNode="mks8_vis"/>
			            <sound template="thudVar2"  startTime="0.001" direction="-1" volumeScale="2" pitchScale="0.7" linkNode="mks8_vis"/>

        </animation>
        <animation name="fuelDisplay">
            <part node="fuelNeedle" startTime="0" endTime="1" startRot="0 0 0" endRot="0 0 51"/>
        </animation>
        <animation name="rpmDisplay">
            <part node="rpmNeedle" startTime="0" endTime="1" startRot="0 0 0" endRot="0 0 223"/>
        </animation>
        <animation name="speedDisplay">
            <part node="speedNeedle" startTime="0" endTime="1" startRot="0 0 0" endRot="0 0 225"/>
        </animation>
        <animation name="airDisplay">
            <part node="airNeedle01" startTime="0" endTime="0.6" startRot="0 0 0" endRot="0 0 50"/>
            <part node="airNeedle02" startTime="0.4" endTime="1" startRot="0 0 0" endRot="0 0 50"/>
        </animation>
        <animation name="wiperFrontAnimation">
            <part node="wiper01" startTime="0" endTime="1" startRot="-18.974 -72.748 59.446" endRot="-68.443 -75.575 13.421"/>
            <part node="wiper02" startTime="0" endTime="1" startRot="-18.974 -72.748 59.446" endRot="-68.443 -75.575 13.421"/>
            <sound template="wiper1" startTime="0" endTime="1" direction="1" volumeScale="1.0" pitchScale="0.9" fadeOut="0.1" linkNode="wiper01"/>
            <sound template="wiper2" startTime="0" endTime="1" direction="-1" volumeScale="1.0" pitchScale="0.9" fadeOut="0.1" linkNode="wiper01"/>
        </animation>
    </animations>
    <wipers>
        <wiper animName="wiperFrontAnimation">
            <state animSpeed="0.75" animPause="2.0"/>
            <state animSpeed="0.75" animPause="0.0"/>
            <state animSpeed="1.10" animPause="0.0"/>
        </wiper>
    </wipers>
    <cylindered loadMovingToolStatesAfterFolding="true">
        <movingTools>
            <!-- arm extension -->
            <!-- scaleable chain -->
            <!-- delayed meshes -->
            <!-- claw x rotation -->
            <!-- claws rotation -->
        </movingTools>
        <movingParts>
            <!-- truck -->
            <movingPart node="steeringBar" referencePoint="steeringBarRef" referenceFrame="steeringBarRef" isActiveDirty="true" maxUpdateDistance="50"/>
            <!-- crane -->
        </movingParts>
        <dashboards>
        </dashboards>
    </cylindered>
    <suspensions>
        <suspension node="cabin" weight="400" minRotation="-7 0 -7" maxRotation="7 0 7" suspensionParametersX="120 10" suspensionParametersZ="120 10"/>
        <suspension node="seat" weight="150" minTranslation="-0.05 -0.15 0.0" maxTranslation="0.05 0.15 0.0" suspensionParametersX="20 4" suspensionParametersY="5 1" suspensionParametersZ="20 4"/>
        <suspension useCharacterTorso="true" weight="90" minRotation="0 -5 -5" maxRotation="0 5 5" suspensionParametersY="7 1" suspensionParametersZ="7 1"/>
    </suspensions>
    <connectionHoses>
        <target attacherJointIndices="1" type="airDoubleRed" node="airDoubleStorage" socket="air_red"/>
        <target attacherJointIndices="1" type="airDoubleYellow" node="airDoubleControl" socket="air_yellow"/>
        <target attacherJointIndices="1" type="electric" node="backElectric" socket="electric"/>
        <target attacherJointIndices="1" type="hydraulicIn" node="hydraulic06_in" socket="hydraulic01"/>
        <target attacherJointIndices="1" type="hydraulicOut" node="hydraulic06_out" socket="hydraulic01"/>
    </connectionHoses>
    <tensionBelts>
        <tensionBeltsConfigurations>
            <tensionBeltsConfiguration>
                <tensionBelts linkNode="belts" rootNode="tgx26640_main_component1" jointNode="tgx26640_main_component1" maxEdgeLength="0.1" geometryBias="0.01" ratchetPosition="0.2" defaultOffset="-0.45" defaultOffsetSide="0.1" defaultHeight="3" interactionRadius="1.75" totalInteractionRadius="3.5" activationTrigger="beltActivationTrigger">
                    <tensionBelt startNode="beltStart1" endNode="beltEnd1" offsetLeft="0.85"/>
                    <tensionBelt startNode="beltStart2" endNode="beltEnd2"/>
                    <tensionBelt startNode="beltStart3" endNode="beltEnd3"/>
					<tensionBelt startNode="beltStart4" endNode="beltEnd4"/>
					<tensionBelt startNode="beltStart5" endNode="beltEnd5"/>
					<tensionBelt startNode="beltStart6" endNode="beltEnd6"/>
                    <tensionBelt startNode="beltStart7" endNode="beltEnd7"/>
                    <tensionBelt startNode="beltStart8" endNode="beltEnd8" offsetRight="0.85"/>
                    <sounds>
                        <addBelt template="beltOpen"/>
                        <removeBelt template="beltClose"/>
                    </sounds>
                </tensionBelts>
            </tensionBeltsConfiguration>
        </tensionBeltsConfigurations>
    </tensionBelts>
    <ai>
        <agent width="3.35" length="11" height="3.95" lengthOffset="0.9" frontOffset="4.83"/>
        <collisionTrigger node="aiCollisionNode" width="3.2" height="4.0"/>
    </ai>
    <foliageBending>
        <bendingNode minX="-1.35" maxX="1.35" minZ="-4.3" maxZ="4.7" yOffset="0.4"/>
        <bendingNode minX="-0.35" maxX="0.35" minZ="-5.5" maxZ="-4.3" yOffset="0.65"/>
        <bendingNode minX="-1.20" maxX="1.20" minZ="-6.1" maxZ="-5.5" yOffset="0.4"/>
    </foliageBending>
    <dashboard>
        <groups>
            <group name="MOTOR_STARTING" isMotorStarting="true"/>
            <group name="MOTOR_ACTIVE" isMotorStarting="true" isMotorRunning="true"/>
        </groups>
        <default>
            <dashboard displayType="EMITTER" node="dashboardDisplayDecal" idleValue="-1" intensity="0.3" groups="MOTOR_ACTIVE"/>
        </default>
    </dashboard>
    <baseMaterial>
        <material name="tgx26640_mat" baseNode="tgx26640_vis">
            <shaderParameter name="colorMat0" value="MAN_RED1" material="0"/>
            <shaderParameter name="colorMat2" value="MAN_BLUE6"/>
        </material>
        <material name="mks8_mat" baseNode="mks8_vis">
            <shaderParameter name="colorMat0" value="SHARED_WHITE2"/>
        </material>
        <material name="body_mat" baseNode="mks32_vis">
            <shaderParameter name="colorMat1" value="SHARED_WHITE2" material="8"/>
        </material>
    </baseMaterial>
    <baseMaterialConfigurations price="3000" useDefaultColors="true" defaultColorIndex="0">
        <baseMaterialConfiguration name="$l10n_ui_colorRed" color="MAN_RED1"/>
        <material name="tgx26640_mat" shaderParameter="colorMat0"/>
    </baseMaterialConfigurations>
	   
    <designMaterialConfigurations>
        <material name="body_mat" shaderParameter="colorMat1" />
	   <material name="mks8_mat" shaderParameter="colorMat0" />
        <designMaterialConfiguration name="$l10n_ui_colorStainlessSteel" color="SHARED_WHITE2" material="3"/>
        <designMaterialConfiguration name="$l10n_ui_colorChrome"         color="SHARED_WHITE2" material="2" price="4000" uiColor="SHARED_GREY1"/>
        <designMaterialConfiguration name="$l10n_ui_colorBlack"          color="SHARED_BLACK2" material="0" price="2000" uiColor="SHARED_BLACK2" />
	</designMaterialConfigurations>
	   
	   
	  
    <rimColorConfigurations useDefaultColors="false">
        <rimColorConfiguration name="$l10n_ui_colorChrome" color="SHARED_WHITE2" material="3" price="3000"/>
        <rimColorConfiguration name="$l10n_ui_colorSilver" color="SHARED_WHITE1" material="18" price="0"/>
        <rimColorConfiguration name="$l10n_ui_colorBlack" color="SHARED_BLACK2" material="1" price="500"/>
    </rimColorConfigurations>
    <wearable wearDuration="480" workMultiplier="5" fieldMultiplier="2"/>
    <washable dirtDuration="90" washDuration="1" workMultiplier="3" fieldMultiplier="2"/>
    <i3dMappings>
	
        <i3dMapping id="dischargeNode" node="0>0|13|2"/>
        <i3dMapping id="dischargeTrigger" node="0>0|13|3"/>
        <i3dMapping id="fillTrigger" node="0>0|13|1"/>
        <i3dMapping id="exactFillRootNode" node="0>0|13|0"/>
        <i3dMapping id="mks8_vis" node="0>0|10|1|0"/>
        <i3dMapping id="mks32_vis" node="0>0|10|2"/>
        <i3dMapping id="man_bed" node="0>0|10|0"/>
        <i3dMapping id="platform" node="0>0|10|1"/>
        <i3dMapping id="tgx26640_main_component1" node="0>"/>
        <i3dMapping id="tgx26640_vis" node="0>0"/>
        <i3dMapping id="trailerAttacherJointBack" node="0>0|0|0"/>
        <i3dMapping id="backElectric" node="0>0|0|1|0"/>
        <i3dMapping id="hydraulic06_in" node="0>0|0|1|1"/>
        <i3dMapping id="hydraulic06_out" node="0>0|0|1|2"/>
        <i3dMapping id="airDoubleStorage" node="0>0|0|1|3"/>
        <i3dMapping id="airDoubleControl" node="0>0|0|1|4"/>
        <i3dMapping id="axisFrontLeft" node="0>0|1|0|0"/>
        <i3dMapping id="wheelFrontLeft" node="0>0|1|0|0|0|0"/>
        <i3dMapping id="steeringBar" node="0>0|1|0|0|1"/>
        <i3dMapping id="axisFrontRight" node="0>0|1|1|0"/>
        <i3dMapping id="wheelFrontRight" node="0>0|1|1|0|0|0"/>
        <i3dMapping id="steeringBarRef" node="0>0|1|1|0|1"/>
        <i3dMapping id="wheel_rear_left1" node="0>0|1|2"/>
        <i3dMapping id="wheel_rear_right1" node="0>0|1|3"/>
        <i3dMapping id="wheel_rear_left2" node="0>0|1|4"/>
        <i3dMapping id="wheel_rear_right2" node="0>0|1|5"/>
        <i3dMapping id="outdoorCameraTarget" node="0>0|2|0"/>
        <i3dMapping id="outdoorCamera1" node="0>0|2|0|0"/>
        <i3dMapping id="indoorCamera1" node="0>0|2|1"/>
        <i3dMapping id="cameraRaycastNode1" node="0>0|2|2"/>
        <i3dMapping id="cameraRaycastNode2" node="0>0|2|3"/>
        <i3dMapping id="cameraRaycastNode3" node="0>0|2|4"/>
        <i3dMapping id="shadowFocusBox" node="0>0|2|5"/>
        <i3dMapping id="exitPoint" node="0>0|3"/>
        <i3dMapping id="licensePlateFront" node="0>0|4"/>
        <i3dMapping id="licensePlateBack" node="0>0|5"/>
        <i3dMapping id="plateNumberLight01" node="0>0|6|0|0"/>
        <i3dMapping id="defaultLightStatic" node="0>0|6|1|1"/>
        <i3dMapping id="defaultLightGlassStatic" node="0>0|6|1|2"/>
        <i3dMapping id="highbeamStatic" node="0>0|6|1|3"/>
        <i3dMapping id="backLightStatic" node="0>0|6|1|4"/>
        <i3dMapping id="backLightGlassStatic" node="0>0|6|1|5"/>
        <i3dMapping id="brakeLightStatic" node="0>0|6|1|6"/>
        <i3dMapping id="turnlightLeftStatic" node="0>0|6|1|7"/>
        <i3dMapping id="turnlightLeftGlassStatic" node="0>0|6|1|8"/>
        <i3dMapping id="turnlightRightStatic" node="0>0|6|1|9"/>
        <i3dMapping id="turnlightRightGlassStatic" node="0>0|6|1|10"/>
        <i3dMapping id="reverselightStatic" node="0>0|6|1|11"/>
        <i3dMapping id="frontLightLow" node="0>0|6|2|0"/>
        <i3dMapping id="highBeamLow" node="0>0|6|2|1"/>
        <i3dMapping id="frontLightHigh" node="0>0|6|2|2"/>
        <i3dMapping id="highBeamHigh" node="0>0|6|2|3"/>
        <i3dMapping id="licensePlateLightHigh" node="0>0|6|2|4"/>
        <i3dMapping id="backLightsHigh1" node="0>0|6|3|0"/>
        <i3dMapping id="turnLightLeftFront" node="0>0|6|4|0"/>
        <i3dMapping id="turnLightRightFront" node="0>0|6|4|1"/>
        <i3dMapping id="reverseLightHigh1" node="0>0|6|5|0"/>
        <i3dMapping id="cabin" node="0>0|7|0"/>
        <i3dMapping id="seat" node="0>0|7|0|0"/>
        <i3dMapping id="playerSkin" node="0>0|7|0|0|0"/>
        <i3dMapping id="defaultLigh01Static" node="0>0|7|0|1|0"/>
        <i3dMapping id="defaultLigh01GlasStatic" node="0>0|7|0|1|1"/>
        <i3dMapping id="wiper01" node="0>0|7|0|2|0"/>
        <i3dMapping id="wiper02" node="0>0|7|0|2|1"/>
        <i3dMapping id="fuelNeedle" node="0>0|7|0|3|0|0|0"/>
        <i3dMapping id="fuelNeedleGlow" node="0>0|7|0|3|0|0|0|0"/>
        <i3dMapping id="tempNeedle" node="0>0|7|0|3|0|1|0"/>
        <i3dMapping id="tempNeedleGlow" node="0>0|7|0|3|0|1|0|0"/>
        <i3dMapping id="airNeedle02" node="0>0|7|0|3|0|2|0"/>
        <i3dMapping id="airNeedle02Glow" node="0>0|7|0|3|0|2|0|0"/>
        <i3dMapping id="airNeedle01" node="0>0|7|0|3|0|3|0"/>
        <i3dMapping id="airNeedle01Glow" node="0>0|7|0|3|0|3|0|0"/>
        <i3dMapping id="speedNeedle" node="0>0|7|0|3|0|4|0"/>
        <i3dMapping id="speedNeedleGlow" node="0>0|7|0|3|0|4|0|0"/>
        <i3dMapping id="rpmNeedle" node="0>0|7|0|3|0|5|0"/>
        <i3dMapping id="rpmNeedleGlow" node="0>0|7|0|3|0|5|0|0"/>
        <i3dMapping id="cabinLightDecal" node="0>0|7|0|3|1"/>
        <i3dMapping id="interiorScreenLight" node="0>0|7|0|3|2"/>
        <i3dMapping id="turnlightLeftDecal" node="0>0|7|0|3|3"/>
        <i3dMapping id="turnlightRightDecal" node="0>0|7|0|3|4"/>
        <i3dMapping id="dashboardGaugesDecal" node="0>0|7|0|3|5"/>
        <i3dMapping id="dashboardDisplayDecal" node="0>0|7|0|3|6"/>
        <i3dMapping id="brakePedal" node="0>0|7|0|4|0"/>
        <i3dMapping id="playerRightFootTargetBrakeRef" node="0>0|7|0|4|0|0"/>
        <i3dMapping id="gasPedal" node="0>0|7|0|4|1"/>
        <i3dMapping id="playerRightFootTargetGasRef" node="0>0|7|0|4|1|0"/>
        <i3dMapping id="playerTargets" node="0>0|7|0|5"/>
        <i3dMapping id="playerRightFootTargetGas" node="0>0|7|0|5|0"/>
        <i3dMapping id="playerRightFootTargetBrake" node="0>0|7|0|5|1"/>
        <i3dMapping id="playerLeftFootTarget" node="0>0|7|0|5|2"/>
        <i3dMapping id="playerRightFootTarget" node="0>0|7|0|5|3"/>
        <i3dMapping id="steeringWheel" node="0>0|7|0|6|0|0"/>
        <i3dMapping id="playerLeftHandTarget" node="0>0|7|0|6|0|0|0"/>
        <i3dMapping id="playerRightHandTarget" node="0>0|7|0|6|0|0|1"/>
        <i3dMapping id="decalsMan1" node="0>0|7|0|6|0|0|2"/>
        <i3dMapping id="ignitionKey" node="0>0|7|0|6|2|0"/>
        <i3dMapping id="leverTurnlight" node="0>0|7|0|6|3|0"/>
        <i3dMapping id="mirrorDecal01" node="0>0|7|0|7|0"/>
        <i3dMapping id="mirrorDecal02" node="0>0|7|0|7|1"/>
        <i3dMapping id="mirrorDecal03" node="0>0|7|0|7|2"/>
        <i3dMapping id="mirrorDecal04" node="0>0|7|0|7|3"/>
        <i3dMapping id="mirrorDecal05" node="0>0|7|0|7|4"/>
        <i3dMapping id="cardan03" node="0>0|8|0|0"/>
        <i3dMapping id="cardan01" node="0>0|8|1|0"/>
        <i3dMapping id="belts" node="0>0|9"/>
        <i3dMapping id="beltStart1" node="0>0|9|0"/>
        <i3dMapping id="beltEnd1" node="0>0|9|0|0"/>
        <i3dMapping id="beltStart2" node="0>0|9|1"/>
        <i3dMapping id="beltEnd2" node="0>0|9|1|0"/>
        <i3dMapping id="beltStart3" node="0>0|9|2"/>
        <i3dMapping id="beltEnd3" node="0>0|9|2|0"/>
        <i3dMapping id="beltStart4" node="0>0|9|3"/>
        <i3dMapping id="beltEnd4" node="0>0|9|3|0"/>
        <i3dMapping id="beltStart5" node="0>0|9|4"/>
        <i3dMapping id="beltEnd5" node="0>0|9|4|0"/>
        <i3dMapping id="beltStart6" node="0>0|9|5"/>
        <i3dMapping id="beltEnd6" node="0>0|9|5|0"/>
        <i3dMapping id="beltStart7" node="0>0|9|6"/>
        <i3dMapping id="beltEnd7" node="0>0|9|6|0"/>
        <i3dMapping id="beltStart8" node="0>0|9|7"/>
        <i3dMapping id="beltEnd8" node="0>0|9|7|0"/>
        <i3dMapping id="beltActivationTrigger" node="0>0|9|8"/>
        <i3dMapping id="aiCollisionNode" node="0>0|11|0"/>
        <i3dMapping id="wheelChock01" node="0>0|12|2|0"/>
        <i3dMapping id="wheelChock02" node="0>0|12|2|1"/>
    </i3dMappings>
</vehicle>
