﻿<?xml version="1.0" encoding="utf-8" standalone="no" ?>
<vehicle type="plowPacker" xmlns:xsi="http://www.w3.org/2001/XMLSchema-instance" xsi:noNamespaceSchemaLocation="https://validation.gdn.giants-software.com/xml/fs22/vehicle.xsd">
    <annotation>Copyright (C) GIANTS Software GmbH, All Rights Reserved.</annotation>

    <storeData>
        <name>2500 S i-Plough</name>
        <specs>
            <neededPower>165</neededPower>
            <workingWidth>2.5</workingWidth>
            <combination filterCategory="weights" filterSpec="weight" filterSpecMin="650" filterSpecMax="700"/>
        </specs>
        <functions>
            <function>$l10n_function_plow</function>
            <function>$l10n_function_wheelWeightsRecommended</function>
        </functions>
        <image>store_iPlough2500.png</image>
        <price>36000</price>
        <lifetime>600</lifetime>
        <rotation>0</rotation>
        <brand>KVERNELAND</brand>
        <category>plows</category>
        <shopTranslationOffset>0 -0.023 0</shopTranslationOffset>
        <shopRotationOffset>0.385 -0.14 -0.7</shopRotationOffset>
        <vertexBufferMemoryUsage>2992960</vertexBufferMemoryUsage>
        <indexBufferMemoryUsage>495552</indexBufferMemoryUsage>
        <textureMemoryUsage>10038208</textureMemoryUsage>
        <instanceVertexBufferMemoryUsage>0</instanceVertexBufferMemoryUsage>
        <instanceIndexBufferMemoryUsage>0</instanceIndexBufferMemoryUsage>
    </storeData>

    <base>
        <typeDesc>$l10n_typeDesc_plow</typeDesc>
        <filename>iPlough2500.i3d</filename>
        <size width="4.5" length="7" lengthOffset="-2.8"/>
        <speedLimit value="12" />
        <components>
            <component centerOfMass="0 0.895 -2" solverIterationCount="30" mass="1050" />
            <component centerOfMass="0 0 0" solverIterationCount="40" mass="1150" />
            <joint component1="1" component2="2" node="componentJoint" rotLimit="0 0 0" transLimit="0 0 0" />
        </components>
        <schemaOverlay attacherJointPosition="0 0" name="IMPLEMENT" />
        <sounds volumeFactor="0.6"/>
    </base>

    <wheels>
        <wheelConfigurations>
            <wheelConfiguration name="$l10n_configuration_valueDefault" price="0">
                <wheels hasSurfaceSounds="false">
                    <wheel filename="$data/shared/wheels/tires/trelleborg/T421/420_55R17.xml" isLeft="true" >
                        <physics restLoad="0.4" repr="backWheelNode" useReprDirection="true" forcePointRatio="0.25" initialCompression="20" suspTravel="0.1" spring="25" damper="30" rotationDamping="0.006" frictionScale="2" supportsWheelSink="false"/>
                    </wheel>
                </wheels>
            </wheelConfiguration>
        </wheelConfigurations>

        <rimColor material="18">SHARED_WHITE1</rimColor>
    </wheels>

   <speedRotatingParts>
       <speedRotatingPart node="packerRoll" radius="0.3" groundReferenceNodeIndex="4" invertDirectionOnRotation="false"/>
       <speedRotatingPart node="wheel_vis" wheelIndex="1" invertDirectionOnRotation="false"/>
       <speedRotatingPart node="discTop" radius="0.3" groundReferenceNodeIndex="2" />
       <speedRotatingPart node="discBottom" radius="0.3" groundReferenceNodeIndex="3" />
   </speedRotatingParts>

    <powerConsumer forceNode="iPlough2500_main_component1" maxForce="18" />

    <groundReferenceNodes>
        <groundReferenceNode node="groundReferneceNode" threshold="0.25" forceFactor="1"/>
        <groundReferenceNode node="groundReferneceNodeTop" threshold="0.05" forceFactor="0" depthNode="groundReferneceNodeTop" />
        <groundReferenceNode node="groundReferneceNodeBottom" threshold="0.05" forceFactor="0" depthNode="groundReferneceNodeBottom" />
        <groundReferenceNode node="groundReferenceNodePacker" threshold="0.3" forceFactor="0"/>
    </groundReferenceNodes>

    <workAreas>
        <workArea type="plow" functionName="processPlowArea" >
            <area startNode="start" widthNode="width" heightNode="height" />
            <groundReferenceNode index="1" />
            <onlyActiveWhenLowered value="true"/>
        </workArea>
        <workArea type="cultivator" functionName="processCultivatorArea" >
            <area startNode="packerStart" widthNode="packerWidth" heightNode="packerHeight" />
            <groundReferenceNode index="4" />
            <onlyActiveWhenLowered value="true"/>
        </workArea>
    </workAreas>

    <workParticles>
        <particle>
            <node node="soilSmokeEmit45"    particleType="SOIL_SMOKE" refNodeIndex="2" />
            <node node="soilSmokeEmit46"    particleType="SOIL_SMOKE" refNodeIndex="3" />

            <node node="soilSmokeEmitRight" particleType="SOIL_SMOKE" refNodeIndex="3" />
            <node node="soilSmokeEmitLeft"  particleType="SOIL_SMOKE" refNodeIndex="2" />
        </particle>

        <effect groundReferenceNodeIndex="4" speedThreshold="2">
            <effectNode effectClass="CultivatorMotionPathEffect" effectType="CULTIVATOR" linkNode="iPlough2500PackerFrontEffectLinkNode">
                <motionPathEffect textureFilename="iPlough2500PackerFrontEffectArray.dds" numRows="30" rowLength="18" minFade="0.07" density="0.45"/>
            </effectNode>
        </effect>

        <effect groundReferenceNodeIndex="3" speedThreshold="0">
            <effectNode effectClass="PlowMotionPathEffect" effectType="PLOW" linkNode="plowEffectBottom01">
                <motionPathEffect textureFilename="iPlough2500BottomShareArray.dds" numRows="6" rowLength="23" minFade="0.08"/>
            </effectNode>
            <effectNode effectClass="PlowMotionPathEffect" effectType="PLOW" linkNode="plowEffectBottom02">
                <motionPathEffect textureFilename="iPlough2500BottomShareArray.dds" numRows="6" rowLength="23" minFade="0.08"/>
            </effectNode>
            <effectNode effectClass="PlowMotionPathEffect" effectType="PLOW" linkNode="plowEffectBottom03">
                <motionPathEffect textureFilename="iPlough2500BottomShareArray.dds" numRows="6" rowLength="23" minFade="0.08"/>
            </effectNode>
            <effectNode effectClass="PlowMotionPathEffect" effectType="PLOW" linkNode="plowEffectBottom04">
                <motionPathEffect textureFilename="iPlough2500BottomShareArray.dds" numRows="6" rowLength="23" minFade="0.08"/>
            </effectNode>
            <effectNode effectClass="PlowMotionPathEffect" effectType="PLOW" linkNode="plowEffectBottom05">
                <motionPathEffect textureFilename="iPlough2500BottomShareArray.dds" numRows="6" rowLength="23" minFade="0.08"/>
            </effectNode>
        </effect>

        <effect groundReferenceNodeIndex="2" speedThreshold="0">
            <effectNode effectClass="PlowMotionPathEffect" effectType="PLOW" linkNode="plowEffectTop01">
                <motionPathEffect textureFilename="iPlough2500TopShareArray.dds" numRows="6" rowLength="23" minFade="0.08"/>
            </effectNode>
            <effectNode effectClass="PlowMotionPathEffect" effectType="PLOW" linkNode="plowEffectTop02">
                <motionPathEffect textureFilename="iPlough2500TopShareArray.dds" numRows="6" rowLength="23" minFade="0.08"/>
            </effectNode>
            <effectNode effectClass="PlowMotionPathEffect" effectType="PLOW" linkNode="plowEffectTop03">
                <motionPathEffect textureFilename="iPlough2500TopShareArray.dds" numRows="6" rowLength="23" minFade="0.08"/>
            </effectNode>
            <effectNode effectClass="PlowMotionPathEffect" effectType="PLOW" linkNode="plowEffectTop04">
                <motionPathEffect textureFilename="iPlough2500TopShareArray.dds" numRows="6" rowLength="23" minFade="0.08"/>
            </effectNode>
            <effectNode effectClass="PlowMotionPathEffect" effectType="PLOW" linkNode="plowEffectTop05">
                <motionPathEffect textureFilename="iPlough2500TopShareArray.dds" numRows="6" rowLength="23" minFade="0.08"/>
            </effectNode>
        </effect>
    </workParticles>

    <attachable allowFoldingWhileLowered="false">
        <inputAttacherJoints>
            <inputAttacherJoint node="attacherJoint" rootNode="iPlough2500_attacher_component2" jointType="implement" topReferenceNode="topReferenceNode" upperRotationOffset="11" lowerRotLimitScale="0.05 0 1">
                <distanceToGround lower="0.42" upper="1.1" />
                <objectChange node="iPlough2500_main_component1" centerOfMassActive="0 0.895 -4" centerOfMassInactive="1 0.895 -3"/>
            </inputAttacherJoint>
        </inputAttacherJoints>
        <support animationName="moveSupport" />
    </attachable>

    <dynamicallyLoadedParts>
        <dynamicallyLoadedPart node="1|0" linkNode="hydraulicIn01_detachedAdapter"  filename="$data/shared/connectionHoses/connectors.i3d" />
        <dynamicallyLoadedPart node="1|0" linkNode="hydraulicOut01_detachedAdapter"  filename="$data/shared/connectionHoses/connectors.i3d" />
        <dynamicallyLoadedPart node="1|0" linkNode="hydraulicIn02_detachedAdapter"  filename="$data/shared/connectionHoses/connectors.i3d" />
        <dynamicallyLoadedPart node="1|0" linkNode="hydraulicOut02_detachedAdapter"  filename="$data/shared/connectionHoses/connectors.i3d" />
    </dynamicallyLoadedParts>

    <connectionHoses>
        <hose inputAttacherJointIndices="1" type="hydraulicIn"  node="hydraulicIn01"  length="0.5" diameter="0.02" straighteningFactor="0.5">
            <objectChange node="detachedHose" visibilityActive="false" visibilityInactive="true"/>
        </hose>
        <hose inputAttacherJointIndices="1" type="hydraulicOut" node="hydraulicOut01" length="0.5" diameter="0.02" straighteningFactor="0.5"/>
        <hose inputAttacherJointIndices="1" type="hydraulicIn"  node="hydraulicIn02"  length="0.5" diameter="0.02" straighteningFactor="0.5"/>
        <hose inputAttacherJointIndices="1" type="hydraulicOut" node="hydraulicOut02" length="0.5" diameter="0.02" straighteningFactor="0.5"/>
    </connectionHoses>

    <foldable>
        <foldingConfigurations title="$l10n_configuration_design">
            <foldingConfiguration name="$l10n_configuration_valueDefault" price="0" >
                <foldingParts startMoveDirection="0" turnOnFoldDirection="-1" detachingMinLimit="0" detachingMaxLimit="0" loweringMaxLimit="0.01">
                    <foldingPart animationName="foldPlow" speedScale="1" />
                </foldingParts>
                <size widthOffset="0.6"/>

                <objectChange node="packerRotX" rotationActive="0 120 0" />
                <objectChange node="packerMainArmRotY" rotationActive="0 -40 0" />
                <objectChange node="iPlough2500_main_component1" massActive="1050"/>
                <foliageBendingModifier index="3" isActive="false"/>
            </foldingConfiguration>
            <foldingConfiguration name="Packomat" price="8000">
                <foldingParts startMoveDirection="0" turnOnFoldDirection="-1" detachingMinLimit="0" detachingMaxLimit="0" loweringMaxLimit="0.01">
                    <foldingPart animationName="foldPlowPackomat" speedScale="1" />
                </foldingParts>

                <objectChange node="packomat_arm"  visibilityInactive="false" visibilityActive="true" />
                <objectChange node="hosesArm"      visibilityInactive="false" visibilityActive="true" />

                <objectChange node="groundReferenceNodePacker" translationInactive="0 0.011 0.059" translationActive="0 -0.728 0.059" />

                <objectChange node="packerColPart"   compoundChildInactive="false" compoundChildActive="true" />
                <objectChange node="col"   compoundChildInactive="false" compoundChildActive="true" />
                <objectChange node="iPlough2500_main_component1" massActive="1250"/>

                <size width="7.5" widthOffset="0"/>
            </foldingConfiguration>
        </foldingConfigurations>
    </foldable>

    <animations>
        <animation name="rotatePlow">
            <part node="rotPart"      startTime="1.5" endTime="7.5" startRot="0 0 0"  endRot="0 0 -180" />
            <part node="packer"       startTime="1.5" endTime="7.5" startRot="0 0 0"  endRot="0 0 180" />
            <part node="wheelArmRotZ" startTime="1.5" endTime="7.5" startRot="0 0 0"  endRot="0 0 180" />
            <part node="plowArm"      startTime="0.0" endTime="1.5" startRot="0 -5 0" endRot="0 15 0" />
            <part node="plowArm"      startTime="7.5" endTime="9.0" startRot="0 15 0" endRot="0 -5 0" />

            <sound template="hydraulicLayerTone3"   startTime="1.49" endTime="7.49" pitchScale="0.6" volumeScale="1.3" fadeIn="0.1" />
            <sound template="defaultHydraulicSound" startTime="1.49" endTime="7.49" pitchScale="0.6" volumeScale="2.0" fadeIn="0.1" />
            <sound template="defaultHydraulicSound" startTime="0.01" endTime="1.49" pitchScale="0.5" volumeScale="2.8" fadeIn="0.1" />
            <sound template="defaultHydraulicSound" startTime="7.51" endTime="8.99" pitchScale="0.5" volumeScale="2.8" fadeIn="0.1" />
            <sound template="clackVar1"             startTime="7.3"  direction="1"  pitchScale="1.0" volumeScale="2" />
            <sound template="sheetImp01"            startTime="7.4"  direction="1"  pitchScale="0.8" volumeScale="1.8" />
            <sound template="clackVar4"             startTime="7.1"  direction="1"  pitchScale="0.8" volumeScale="2" />
            <sound template="clackVar1"             startTime="1.7"  direction="-1" pitchScale="1.0" volumeScale="2" />
            <sound template="sheetImp01"            startTime="1.5"  direction="-1" pitchScale="0.8" volumeScale="2" />
            <sound template="sheetImp02"            startTime="1.6"  direction="-1" pitchScale="0.8" volumeScale="2" />
            <sound template="clackVar1"             startTime="7.5"  direction="-1" pitchScale="1.2" volumeScale="1.2" />
            <sound template="clackVar3"             startTime="7.5"  direction="-1" pitchScale="0.8" volumeScale="2.5" />
            <sound template="sheetImp05"            startTime="7.5"  direction="-1" pitchScale="0.7" volumeScale="2" />
            <sound template="clackVar1"             startTime="1.5"  direction="1"  pitchScale="1.2" volumeScale="1.2" />
            <sound template="clackVar3"             startTime="1.5"  direction="1"  pitchScale="0.8" volumeScale="2.5" />
            <sound template="sheetImp05"            startTime="1.5"  direction="1"  pitchScale="0.8" volumeScale="2.5" />
        </animation>
        <animation name="foldPlow" resetOnStart="false">
            <part node="rotPart"                startTime="0.0" endTime="3.0" startRot="0 0 0" endRot="0 0 -90" />
            <part node="packer"                 startTime="0.0" endTime="3.0" startRot="0 0 0" endRot="0 0 90" />
            <part node="wheelArmRotZ"           startTime="0.0" endTime="3.0" startRot="0 0 0" endRot="0 0 90" />
            <part node="topReferenceNodeRotArm" startTime="0.0" endTime="3.0" startRot="0 0 0" endRot="0 0 0" />
            <part node="plowArm"                startTime="0.0" endTime="3.0" startRot="0 -5 0" endRot="0 15 0" />
            <part node="wheelArmRotX"           startTime="1.5" endTime="3.0" startRot="0 0 0" endRot="15 0 0" />
            <part node="backWheelNodeRot"       startTime="1.5" endTime="3.0" startRot="0 0 0" endRot="-15 0 0" />

            <part node="topReferenceNodeArm"    startTime="3" endTime="5" startRot="0 0 0" endRot="50 0 0" />
            <part inputAttacherJointIndex="1"   startTime="3" endTime="5" upperRotLimitScaleStart="0 0 0" upperRotLimitScaleEnd="0 0 1" />
            <part inputAttacherJointIndex="1"   startTime="5" endTime="6" upperRotLimitScaleStart="0 0 1" upperRotLimitScaleEnd="0 0 3" />
            <part node="componentJoint" componentJointIndex="1" startTime="6" endTime="8" startTrans="0 0.589 -0.013" endTrans="0 0.589 0.171" startRotLimit="0 0 0" endRotLimit="0 30 0"/>

            <part node="lockBolts"             startTime="0" endTime="6" visibility="true" />
            <part node="lockBolts"             startTime="6" endTime="8" visibility="false" />

            <sound template="hydraulicLayerTone3"   startTime="0.01" endTime="3"    pitchScale="0.8" volumeScale="1"   fadeIn="0.01" />
            <sound template="defaultHydraulicSound" startTime="3"    endTime="3.99" pitchScale="0.7" volumeScale="2.0" fadeIn="0.01" />
            <sound template="defaultHydraulicSound" startTime="6"    endTime="7.99" pitchScale="1"   volumeScale="2.0" fadeIn="0.01" />
            <sound template="hydraulicLayerTone2"   startTime="3"    endTime="5"    pitchScale="1"   volumeScale="2.0" fadeIn="0.01" />
            <sound template="clackVar6"             startTime="0.1"  direction="-1" pitchScale="0.5" volumeScale="2.1" />
            <sound template="clackVar4"             startTime="0.1"  direction="-1" pitchScale="1.3" volumeScale="1.1" />
            <sound template="clackVar3"             startTime="0.1"  direction="-1" pitchScale="0.8" volumeScale="2.1" />
            <sound template="foldStartMed02"        startTime="2"                   pitchScale="1"   volumeScale="2" />
            <sound template="clackVar6"             startTime="3.99" direction="1"  pitchScale="0.7" volumeScale="1.2" />
            <sound template="clackVar3"             startTime="3.99" direction="1"  pitchScale="0.7" volumeScale="2.2" />
            <sound template="sheetImp02"            startTime="3.99" direction="1"  pitchScale="0.7" volumeScale="2.2" />
            <sound template="foldStartMed02"        startTime="3.99" direction="-1" pitchScale="0.7" volumeScale="1.7" />
            <sound template="clackVar6"             startTime="6"    direction="-1" pitchScale="0.7" volumeScale="1.7" />
            <sound template="sheetImp02"            startTime="6"    direction="-1" pitchScale="0.7" volumeScale="1.7" />
            <sound template="clackVar3"             startTime="6"    direction="-1" pitchScale="0.7" volumeScale="1.7" />
            <sound template="clackVar3"             startTime="3"    direction="0"  pitchScale="0.7" volumeScale="2" />
            <sound template="clackVar6"             startTime="3"    direction="0"  pitchScale="0.7" volumeScale="1.3" />
            <sound template="foldStartMed02"        startTime="3"    direction="0"  pitchScale="0.7" volumeScale="3.4" />
            <sound template="clackVar6"             startTime="7.99" direction="1"  pitchScale="0.7" volumeScale="1.3" />
            <sound template="sheetImp02"            startTime="7.99" direction="1"  pitchScale="0.7" volumeScale="1.9" />
            <sound template="clackVar3"             startTime="7.99" direction="1"  pitchScale="0.8" volumeScale="1.5" />
        </animation>
        <animation name="foldPlowPackomat" resetOnStart="false">
            <part node="packerRotX"             startTime="0.0" endTime="3.0" startRot="0 -35 0" endRot="0 80.6 0" />
            <part node="packerMainArmRotY"      startTime="0.0" endTime="3.5" startRot="0 35 0" endRot="0 10 0" />

            <part node="rotPart"                startTime="3.0" endTime="6.0" startRot="0 0 0" endRot="0 0 -90" />
            <part node="wheelArmRotZ"           startTime="3.0" endTime="6.0" startRot="0 0 0" endRot="0 0 90" />
            <part node="topReferenceNodeRotArm" startTime="3.0" endTime="6.0" startRot="0 0 0" endRot="0 0 0" />
            <part node="plowArm"                startTime="3.0" endTime="6.0" startRot="0 -5 0" endRot="0 15 0" />
            <part node="wheelArmRotX"           startTime="4.5" endTime="6.0" startRot="0 0 0" endRot="15 0 0" />
            <part node="backWheelNodeRot"       startTime="4.5" endTime="6.0" startRot="0 0 0" endRot="-15 0 0" />


            <part node="packerMainArmRotY"      startTime="6" endTime="8" startRot="0 10 0" endRot="0 -8 0" />

            <part node="topReferenceNodeArm"    startTime="8" endTime="10" startRot="0 0 0" endRot="50 0 0" />
            <part inputAttacherJointIndex="1"   startTime="8" endTime="10" upperRotLimitScaleStart="0 0 0" upperRotLimitScaleEnd="0 0 1" />
            <part inputAttacherJointIndex="1"   startTime="10" endTime="11" upperRotLimitScaleStart="0 0 1" upperRotLimitScaleEnd="0 0 3" />
            <part node="componentJoint" componentJointIndex="1" startTime="11" endTime="12" startTrans="0 0.589 -0.013" endTrans="0 0.589 0.171" startRotLimit="0 0 0" endRotLimit="0 30 0"/>

            <part node="lockBolts"             startTime="0" endTime="11" visibility="true" />
            <part node="lockBolts"             startTime="11" endTime="12" visibility="false" />

            <sound template="hydraulicLayerTone3"   startTime="0.01"  endTime="2.99"  pitchScale="0.6" volumeScale="1"   fadeIn="0.01" />
            <sound template="defaultHydraulicSound" startTime="6"     endTime="8"     pitchScale="0.7" volumeScale="1.7" fadeIn="0.01" />
            <sound template="defaultHydraulicSound" startTime="0.01"  endTime="2.99"  pitchScale="1.2" volumeScale="1.7" fadeIn="0.01" />
            <sound template="hydraulicLayerTone3"   startTime="3"     endTime="6"     pitchScale="0.6" volumeScale="1.7" fadeIn="0.01" />
            <sound template="hydraulicLayerTone"    startTime="8"     endTime="9"     pitchScale="0.7" volumeScale="1.7" fadeIn="0.01" />
            <sound template="defaultHydraulicSound" startTime="11"    endTime="11.99" pitchScale="0.9" volumeScale="1.7" fadeIn="0.01" />
            <sound template="clackVar1"             startTime="0.1"   direction="-1"  pitchScale="1.0" volumeScale="2" />
            <sound template="sheetImp02"            startTime="0.01"  direction="-1"  pitchScale="0.6" volumeScale="3" />
            <sound template="clackVar1"             startTime="0.01"  direction="1"   pitchScale="1.0" volumeScale="2" />
            <sound template="clackVar3"             startTime="0.01"  direction="1"   pitchScale="0.7" volumeScale="2" />
            <sound template="clackVar4"             startTime="3"                     pitchScale="0.8" volumeScale="2.5" />
            <sound template="clackVar3"             startTime="3"                     pitchScale="0.8" volumeScale="2.5" />
            <sound template="clackVar2"             startTime="3"                     pitchScale="0.7" volumeScale="2.5" />
            <sound template="clackVar3"             startTime="6"     direction="0"   pitchScale="0.6" volumeScale="2" />
            <sound template="clackVar1"             startTime="6"     direction="0"   pitchScale="0.8" volumeScale="2" />
            <sound template="clackVar5"             startTime="6"     direction="0"   pitchScale="1.4" volumeScale="2" />
            <sound template="clackVar2"             startTime="6"     direction="1"   pitchScale="0.7" volumeScale="2" />
            <sound template="sheetImp05"            startTime="6"     direction="1"   pitchScale="0.7" volumeScale="3" />
            <sound template="clackVar2"             startTime="6.1"   direction="1"   pitchScale="1"   volumeScale="2" />
            <sound template="clackVar5"             startTime="7.99"  direction="1"   pitchScale="1.1" volumeScale="1" />
            <sound template="clackVar3"             startTime="7.99"  direction="1"   pitchScale="1.1" volumeScale="1" />
            <sound template="clackVar4"             startTime="7.99"  direction="1"   pitchScale="1.4" volumeScale="1.4" />
            <sound template="clackVar6"             startTime="7.99"  direction="-1"  pitchScale="1.4" volumeScale="1" />
            <sound template="clackVar3"             startTime="5.9"   direction="-1"  pitchScale="0.8" volumeScale="1" />
            <sound template="sheetImp02"            startTime="6"     direction="0"   pitchScale="0.8" volumeScale="2.5" />
            <sound template="clackVar6"             startTime="6"     direction="0"   pitchScale="1.5" volumeScale="0.8" />
            <sound template="clackVar6"             startTime="9"     direction="1"   pitchScale="0.7" volumeScale="1.2" />
            <sound template="foldStartMed02"        startTime="9"     direction="1"   pitchScale="2"   volumeScale="1.6" />
            <sound template="sheetImp02"            startTime="9"     direction="1"   pitchScale="1.5" volumeScale="1.8" />
            <sound template="sheetImp02"            startTime="11.99" direction="1"   pitchScale="0.7" volumeScale="2.3" />
            <sound template="clackVar6"             startTime="11.99" direction="1"   pitchScale="0.8" volumeScale="1.5" />
            <sound template="clackVar6"             startTime="11"    direction="-1"  pitchScale="0.6" volumeScale="1.5" />
            <sound template="foldStartMed02"        startTime="9"     direction="-1"  pitchScale="0.7" volumeScale="3.5" />
            <sound template="clackVar1"             startTime="9"     direction="-1"  pitchScale="0.7" volumeScale="2.5" />
            <sound template="clackVar1"             startTime="6"     direction="-1"  pitchScale="0.7" volumeScale="2" />
        </animation>
        <animation name="deactivatePackerLeft">
            <part node="packerMainArmRotX"  startTime="0" endTime="1" startRot="0 0 0"  endRot="-20 0 0" />

            <part node="packerRotX"         startTime="1" endTime="2" startRot="0 -35 0"  endRot="0 30 0" />
            <part node="packerMainArmRotY"  startTime="1" endTime="2" startRot="0 35 0"  endRot="0 8 0" />

            <sound template="defaultHydraulicSound" startTime="0.01" endTime="1"    pitchScale="0.6" volumeScale="2.0" fadeIn="0.01" fadeOut="0.01" />
            <sound template="defaultHydraulicSound" startTime="1."   endTime="1.99" pitchScale="0.9" volumeScale="2.0" fadeIn="0.01" fadeOut="0.01" />
            <sound template="clackVar3"             startTime="1"    direction="1"  pitchScale="1.2" volumeScale="2" />
            <sound template="clackVar6"             startTime="1"    direction="1"  pitchScale="1"   volumeScale="1.7" />
            <sound template="clackVar3"             startTime="1.99" direction="1"  pitchScale="0.8" volumeScale="2" />
            <sound template="clackVar5"             startTime="1.99" direction="1"  pitchScale="1"   volumeScale="1" />
            <sound template="sheetImp01"            startTime="1.99" direction="1"  pitchScale="0.8" volumeScale="1.3" />
            <sound template="clackVar3"             startTime="1.99" direction="1"  pitchScale="0.8" volumeScale="2" />
            <sound template="clackVar3"             startTime="1"    direction="-1" pitchScale="1.2" volumeScale="2" />
            <sound template="clackVar4"             startTime="1"    direction="-1" pitchScale="0.6" volumeScale="1.5" />
            <sound template="sheetImp05"            startTime="1"    direction="-1" pitchScale="0.7" volumeScale="3" />
            <sound template="clackVar6"             startTime="1.99" direction="-1" pitchScale="1.6" volumeScale="1" />
            <sound template="clackVar3"             startTime="0.01" direction="-1" pitchScale="0.8" volumeScale="2" />
            <sound template="clackVar6"             startTime="0.01" direction="-1" pitchScale="0.8" volumeScale="2" />
            <sound template="sheetImp02"            startTime="0.01" direction="-1" pitchScale="1.6" volumeScale="2" />
        </animation>
        <animation name="deactivatePackerRight">
            <part node="packerMainArmRotX"  startTime="0" endTime="1" startRot="0 0 0"  endRot="25 0 0" />

            <part node="packerRotX"         startTime="1" endTime="2" startRot="0 -35 0"  endRot="0 30 0" />
            <part node="packerMainArmRotY"  startTime="1" endTime="2" startRot="0 35 0"  endRot="0 5 0" />

            <sound template="defaultHydraulicSound" startTime="0.01" endTime="1"    pitchScale="0.6" volumeScale="2.0" fadeIn="0.01" fadeOut="0.01" />
            <sound template="defaultHydraulicSound" startTime="1."   endTime="1.99" pitchScale="0.9" volumeScale="2.0" fadeIn="0.01" fadeOut="0.01" />
            <sound template="clackVar3"             startTime="1"    direction="1"  pitchScale="1.2" volumeScale="2" />
            <sound template="clackVar6"             startTime="1"    direction="1"  pitchScale="1"   volumeScale="1.7" />
            <sound template="clackVar3"             startTime="1.99" direction="1"  pitchScale="0.8" volumeScale="2" />
            <sound template="clackVar5"             startTime="1.99" direction="1"  pitchScale="1"   volumeScale="1" />
            <sound template="sheetImp01"            startTime="1.99" direction="1"  pitchScale="0.8" volumeScale="1.3" />
            <sound template="clackVar3"             startTime="1.99" direction="1"  pitchScale="0.8" volumeScale="2" />
            <sound template="clackVar3"             startTime="1"    direction="-1" pitchScale="1.2" volumeScale="2" />
            <sound template="clackVar4"             startTime="1"    direction="-1" pitchScale="0.6" volumeScale="1.5" />
            <sound template="sheetImp05"            startTime="1"    direction="-1" pitchScale="0.7" volumeScale="3" />
            <sound template="clackVar6"             startTime="1.99" direction="-1" pitchScale="1.6" volumeScale="1" />
            <sound template="clackVar3"             startTime="0.01" direction="-1" pitchScale="0.8" volumeScale="2" />
            <sound template="clackVar6"             startTime="0.01" direction="-1" pitchScale="0.8" volumeScale="2" />
            <sound template="sheetImp02"            startTime="0.01" direction="-1" pitchScale="1.6" volumeScale="2" />
        </animation>

        <animation name="moveSupport">
            <part node="supportCol01"  startTime="0" endTime="0.75" startTrans="0 0.15 0"  endTrans="0 0 0" />
            <part node="supportCol02"  startTime="0" endTime="0.75" startTrans="0 -0.15 0" endTrans="0 0 0" />
            <part node="supportArm"    startTime="0" endTime="0.3"  startRot="0 0 0"       endRot="101 0 0" />

            <sound template="metalClose" startTime="0.01" direction="-1" volumeScale="2" pitchScale="2" linkNode="attacherJoint"/>
            <sound template="clackVar6" startTime="0.3" direction="1" volumeScale="2" pitchScale="1.2" linkNode="attacherJoint"/>
            <sound template="sheetImp02" startTime="0.3" direction="1" volumeScale="2" pitchScale="1.6" linkNode="attacherJoint"/>
        </animation>
    </animations>

    <cylindered>
        <movingTools>
            <movingTool node="componentJoint" playSound="true" wheelIndices="1">
                <componentJoint index="1" anchorActor="0" />
            </movingTool>
            <movingTool node="wheelArmRotX" wheelIndices="1">
              <dependentPart node="wheelArmRotXHydraulic" />
            </movingTool>
            <movingTool node="wheelArmRotZ" wheelIndices="1"/>
            <movingTool node="backWheelNodeRot" wheelIndices="1"/>

            <movingTool node="rotPart" wheelIndices="1">
                <dependentPart node="hydraulicRotPart" />
                <dependentPart node="packomat_arm" />
            </movingTool>

            <movingTool node="packerMainArmRotY" playSound="true">
                <dependentPart node="packomat_arm" />
                <dependentPart node="packomatHydraulic" />
            </movingTool>

            <movingTool node="packerRotX" playSound="true">
                <dependentPart node="packerRotXArm" />
            </movingTool>

            <movingTool node="packerMainArmRotX" playSound="true">
                <dependentPart node="packomatHydraulic" />
                <dependentPart node="hydraulicPackerMainArmRotX" />
            </movingTool>

            <movingTool node="plowArm" wheelIndices="1">
                <dependentPart node="plow02" />
                <dependentPart node="hydraulicMainFrame2" />
                <dependentPart node="hydraulicMainFrame" />
                <dependentPart node="packomatHydraulic" />
                <dependentPart node="packomat_arm" />
            </movingTool>
        </movingTools>

        <movingParts>
            <movingPart node="topReferenceNodeRotArm" referenceFrame="attacherBar" isActiveDirty="true" limitedAxis="2" maxUpdateDistance="150"/>

            <movingPart node="hydraulicRotPart" referencePoint="hydraulicRotPart_punchRef" referenceFrame="hydraulicRotPartRefFrame" >
                <translatingPart node="hydraulicRotPart_punch" />
            </movingPart>
            <movingPart node="hydraulicMainFrame2" referencePoint="hydraulicMainFrame2_punchRef" referenceFrame="hydraulicMainFrame2_punchRef" >
                <translatingPart node="hydraulicMainFrame2_punch" />
            </movingPart>
            <movingPart node="hydraulicMainFrame" referencePoint="hydraulicMainFrame_punchRef" referenceFrame="hydraulicMainFrame_punchRef" >
                <translatingPart node="hydraulicMainFrame_punch" />
            </movingPart>
            <movingPart node="packomatHydraulic" referencePoint="packomatHydraulicRef" referenceFrame="packomatHydraulicRef" >
                <translatingPart node="packomatHydraulicPunch" />
            </movingPart>
            <movingPart node="hydraulicPackerMainArmRotX" referencePoint="hydraulicPackerMainArmRotXRef" referenceFrame="hydraulicPackerMainArmRotXRef">
                <translatingPart node="hydraulicPackerMainArmRotXPunch" />
            </movingPart>
            <movingPart node="wheelArmRotXHydraulic" referencePoint="wheelArmRotXHydraulicRef" referenceFrame="wheelArmRotXHydraulicRef" wheelIndices="1">
                <translatingPart node="wheelArmRotXHydraulicPunch" />
            </movingPart>

            <movingPart node="packerRotXArm" localReferencePoint="packerRotXArmPart" referencePoint="packerRotXArmRef" referenceFrame="packerRotXArmRefFrame" wheelIndices="1">
                <dependentPart node="packerRotXArmPart" />
                <dependentPart node="hydraulicPackerRotX" />
            </movingPart>
            <movingPart node="packerRotXArmPart" referencePoint="packerRotXArmRef" referenceFrame="packerRotXArmRef" />
            <movingPart node="hydraulicPackerRotX" referencePoint="hydraulicPackerRotXRef" referenceFrame="hydraulicPackerRotXRef" >
                <translatingPart node="hydraulicPackerRotXPunch" />
            </movingPart>

            <movingPart node="plow02" localReferencePoint="plowOrientationArm" referencePoint="plowOrientationArmRef" referenceFrame="plow02RefFrame" limitedAxis="2">
                <dependentPart node="plowOrientationArm" />
            </movingPart>
            <movingPart node="plowOrientationArm" referencePoint="plowOrientationArmRef" referenceFrame="plowOrientationArmRef" limitedAxis="2">
                <dependentPart node="plow01" />
                <dependentPart node="plow03" />
                <dependentPart node="plow04" />
                <dependentPart node="plow05" />
            </movingPart>

            <movingPart node="plow01" referencePoint="plow01Ref" referenceFrame="plow01Ref"/>
            <movingPart node="plow03" referencePoint="plow03Ref" referenceFrame="plow03Ref"/>
            <movingPart node="plow04" referencePoint="plow04Ref" referenceFrame="plow04Ref"/>
            <movingPart node="plow05" referencePoint="plow05Ref" referenceFrame="plow05Ref" wheelIndices="1"/>
            <movingPart node="packomat_arm" referencePoint="packomat_armRef" referenceFrame="packomat_armRef" />
        </movingParts>
    </cylindered>

    <plow>
        <rotationPart turnAnimationName="rotatePlow" rotationAllowedIfLowered="false" limitFoldRotationMax="true" foldRotationMinLimit="0" foldRotationMaxLimit="0" rotationFoldMinLimit="0" rotationFoldMaxLimit="0" foldMinLimit="0" foldMaxLimit="0.1"/>
        <rotateLeftToMax value="true"/>

        <sounds>
            <work template="DEFAULT_PLOW_WORK" volumeScale="1.5" linkNode="iPlough2500_main_component1" />
        </sounds>

        <packer deactivateLeft="deactivatePackerLeft" deactivateRight="deactivatePackerRight" animationSpeed="1" foldingConfig="2" inputAction="IMPLEMENT_EXTRA4" partialDeactivated="false"/>
    </plow>

    <ai>
        <needsLowering value="true" />
        <collisionTrigger node="aiCollisionNode" width="4.1" height="1.8"/>
        <areaMarkers leftNode="areaMarkerLeft" rightNode="areaMarkerRight" backNode="areaMarkerBack" />
        <sizeMarkers leftNode="sizeMarkerLeft" rightNode="sizeMarkerRight" backNode="sizeMarkerBack" />
        <hasNoFullCoverageArea value="true" />
        <agentAttachment width="1.85" height="1.8" length="6.6" lengthOffset="-2.8"/>
    </ai>

    <foliageBending>
        <bendingNode minX="-1.5" maxX="0"  minZ="-5" maxZ="0.75" yOffset="-0.75" node="foliageBendingNode" />
        <bendingNode minX="-1.5" maxX="0"  minZ="-5" maxZ="0.75" yOffset="0.6" node="foliageBendingNode" />
        <bendingNode minX="-1.25" maxX="1.25"  minZ="-0.75" maxZ="0.0" yOffset="-0.5" node="packer" />
    </foliageBending>

    <baseMaterial>
        <material name="iPlough2500A_mat" baseNode="iPlough2500_vis">
            <shaderParameter name="colorMat0" value="KVERNELAND_RED1"/>
            <shaderParameter name="colorMat1" value="KVERNELAND_GREEN2"/>
        </material>
        <material name="iPlough2500B_mat" baseNode="packerMainArmRotY">
            <shaderParameter name="colorMat0" value="KVERNELAND_GREEN2"/>
            <shaderParameter name="colorMat1" value="KVERNELAND_RED1"/>
            <shaderParameter name="colorMat2" value="KVERNELAND_GREEN2"/>
        </material>
        <material name="iPlough2500Disc_mat" baseNode="discs1">
            <shaderParameter name="colorMat0" value="KVERNELAND_GREEN2"/>
        </material>
    </baseMaterial>

    <wearable wearDuration="480" workMultiplier="5" fieldMultiplier="2"/>
    <washable dirtDuration="90" washDuration="1" workMultiplier="3" fieldMultiplier="2"/>

    <i3dMappings>
        <i3dMapping id="iPlough2500_main_component1" node="0>" />
        <i3dMapping id="iPlough2500_vis" node="0>0" />
        <i3dMapping id="hydraulicIn01" node="0>0|0|0" />
        <i3dMapping id="hydraulicOut01" node="0>0|0|1" />
        <i3dMapping id="hydraulicIn02" node="0>0|0|2" />
        <i3dMapping id="hydraulicOut02" node="0>0|0|3" />
        <i3dMapping id="detachedHose" node="0>0|0|4" />
        <i3dMapping id="hydraulicIn01_detachedAdapter" node="0>0|0|4|0" />
        <i3dMapping id="hydraulicOut01_detachedAdapter" node="0>0|0|4|1" />
        <i3dMapping id="hydraulicIn02_detachedAdapter" node="0>0|0|4|2" />
        <i3dMapping id="hydraulicOut02_detachedAdapter" node="0>0|0|4|3" />
        <i3dMapping id="groundReferneceNode" node="0>0|1" />
        <i3dMapping id="componentJoint" node="0>0|2" />
        <i3dMapping id="topReferenceNodeRotArm" node="0>0|3|0" />
        <i3dMapping id="topReferenceNodeArm" node="0>0|3|0|0" />
        <i3dMapping id="topReferenceNode" node="0>0|3|0|0|0" />
        <i3dMapping id="rotPart" node="0>0|3|1" />
        <i3dMapping id="hydraulicRotPart" node="0>0|3|1|0" />
        <i3dMapping id="hydraulicRotPart_punch" node="0>0|3|1|0|0" />
        <i3dMapping id="hydraulicRotPartRefFrame" node="0>0|3|1|1" />
        <i3dMapping id="hydraulicMainFrame2" node="0>0|3|1|2" />
        <i3dMapping id="hydraulicMainFrame2_punch" node="0>0|3|1|2|0" />
        <i3dMapping id="plowArm" node="0>0|3|1|3" />
        <i3dMapping id="plow01" node="0>0|3|1|3|0|0" />
        <i3dMapping id="plowEffectTop01" node="0>0|3|1|3|0|0|2" />
        <i3dMapping id="plowEffectBottom01" node="0>0|3|1|3|0|0|3" />
        <i3dMapping id="plow02RefFrame" node="0>0|3|1|3|0|1|0" />
        <i3dMapping id="plow02" node="0>0|3|1|3|0|1|1" />
        <i3dMapping id="plowOrientationArm" node="0>0|3|1|3|0|1|1|0|0" />
        <i3dMapping id="plow01Ref" node="0>0|3|1|3|0|1|1|0|0|0" />
        <i3dMapping id="plow03Ref" node="0>0|3|1|3|0|1|1|0|0|1" />
        <i3dMapping id="plow04Ref" node="0>0|3|1|3|0|1|1|0|0|2" />
        <i3dMapping id="plow05Ref" node="0>0|3|1|3|0|1|1|0|0|3" />
        <i3dMapping id="packomat_armRef" node="0>0|3|1|3|0|1|1|0|0|5" />
        <i3dMapping id="plowEffectTop02" node="0>0|3|1|3|0|1|1|3" />
        <i3dMapping id="plowEffectBottom02" node="0>0|3|1|3|0|1|1|4" />
        <i3dMapping id="plow03" node="0>0|3|1|3|0|2" />
        <i3dMapping id="plowEffectTop03" node="0>0|3|1|3|0|2|3" />
        <i3dMapping id="plowEffectBottom03" node="0>0|3|1|3|0|2|4" />
        <i3dMapping id="plow04" node="0>0|3|1|3|0|3" />
        <i3dMapping id="plowEffectTop04" node="0>0|3|1|3|0|3|3" />
        <i3dMapping id="plowEffectBottom04" node="0>0|3|1|3|0|3|4" />
        <i3dMapping id="plow05" node="0>0|3|1|3|0|4" />
        <i3dMapping id="wheelArmRotZ" node="0>0|3|1|3|0|4|0|0" />
        <i3dMapping id="wheelArmRotX" node="0>0|3|1|3|0|4|0|0|0" />
        <i3dMapping id="backWheelNodeRot" node="0>0|3|1|3|0|4|0|0|0|0" />
        <i3dMapping id="backWheelNode" node="0>0|3|1|3|0|4|0|0|0|0|0" />
        <i3dMapping id="wheelArmRotXHydraulicRef" node="0>0|3|1|3|0|4|0|0|0|2" />
        <i3dMapping id="wheel_vis" node="0>0|3|1|3|0|4|0|0|0|3" />
        <i3dMapping id="wheelArmRotXHydraulic" node="0>0|3|1|3|0|4|0|0|1" />
        <i3dMapping id="wheelArmRotXHydraulicPunch" node="0>0|3|1|3|0|4|0|0|1|0" />
        <i3dMapping id="discTop" node="0>0|3|1|3|0|4|4|0" />
        <i3dMapping id="discs1" node="0>0|3|1|3|0|4|4|0|0" />
        <i3dMapping id="discBottom" node="0>0|3|1|3|0|4|5|0" />
        <i3dMapping id="plowEffectTop05" node="0>0|3|1|3|0|4|6" />
        <i3dMapping id="plowEffectBottom05" node="0>0|3|1|3|0|4|7" />
        <i3dMapping id="hydraulicMainFrame2_punchRef" node="0>0|3|1|3|1" />
        <i3dMapping id="hydraulicMainFrame_punchRef" node="0>0|3|1|3|2" />
        <i3dMapping id="packomat_arm" node="0>0|3|1|3|3" />
        <i3dMapping id="packerMainArmRotY" node="0>0|3|1|3|3|0|0" />
        <i3dMapping id="packerMainArmRotX" node="0>0|3|1|3|3|0|0|0" />
        <i3dMapping id="packerRotX" node="0>0|3|1|3|3|0|0|0|0" />
        <i3dMapping id="packer" node="0>0|3|1|3|3|0|0|0|0|0" />
        <i3dMapping id="packerStart" node="0>0|3|1|3|3|0|0|0|0|0|0|0" />
        <i3dMapping id="packerWidth" node="0>0|3|1|3|3|0|0|0|0|0|0|1" />
        <i3dMapping id="packerHeight" node="0>0|3|1|3|3|0|0|0|0|0|0|2" />
        <i3dMapping id="packerColPart" node="0>0|3|1|3|3|0|0|0|0|0|3" />
        <i3dMapping id="groundReferenceNodePacker" node="0>0|3|1|3|3|0|0|0|0|0|4" />
        <i3dMapping id="packerRollRot" node="0>0|3|1|3|3|0|0|0|0|0|6" />
        <i3dMapping id="packerRoll" node="0>0|3|1|3|3|0|0|0|0|0|6|0" />
        <i3dMapping id="soilEmit45" node="0>0|3|1|3|3|0|0|0|0|0|7" />
        <i3dMapping id="soilEmit46" node="0>0|3|1|3|3|0|0|0|0|0|8" />
        <i3dMapping id="soilSmokeEmit45" node="0>0|3|1|3|3|0|0|0|0|0|9" />
        <i3dMapping id="soilSmokeEmit46" node="0>0|3|1|3|3|0|0|0|0|0|10" />
        <i3dMapping id="iPlough2500PackerFrontEffectLinkNode" node="0>0|3|1|3|3|0|0|0|0|0|11" />
        <i3dMapping id="packerRotXArmRef" node="0>0|3|1|3|3|0|0|0|0|1" />
        <i3dMapping id="packerRotXArm" node="0>0|3|1|3|3|0|0|0|1" />
        <i3dMapping id="packerRotXArmPart" node="0>0|3|1|3|3|0|0|0|1|0" />
        <i3dMapping id="hydraulicPackerRotXRef" node="0>0|3|1|3|3|0|0|0|1|1" />
        <i3dMapping id="hydraulicPackerRotX" node="0>0|3|1|3|3|0|0|0|2" />
        <i3dMapping id="hydraulicPackerRotXPunch" node="0>0|3|1|3|3|0|0|0|2|0" />
        <i3dMapping id="packerRotXArmRefFrame" node="0>0|3|1|3|3|0|0|0|3" />
        <i3dMapping id="packomatHydraulicRef" node="0>0|3|1|3|3|0|0|0|4" />
        <i3dMapping id="hydraulicPackerMainArmRotXRef" node="0>0|3|1|3|3|0|0|0|5" />
        <i3dMapping id="col" node="0>0|3|1|3|3|0|0|0|10" />
        <i3dMapping id="hydraulicPackerMainArmRotX" node="0>0|3|1|3|3|0|0|1" />
        <i3dMapping id="hydraulicPackerMainArmRotXPunch" node="0>0|3|1|3|3|0|0|1|0" />
        <i3dMapping id="packomatHydraulic" node="0>0|3|1|3|3|1" />
        <i3dMapping id="packomatHydraulicPunch" node="0>0|3|1|3|3|1|0" />
        <i3dMapping id="start" node="0>0|3|1|3|4|0" />
        <i3dMapping id="width" node="0>0|3|1|3|4|1" />
        <i3dMapping id="height" node="0>0|3|1|3|4|2" />
        <i3dMapping id="soilSmokeEmitRight" node="0>0|3|1|3|5|0" />
        <i3dMapping id="soilSmokeEmitLeft" node="0>0|3|1|3|5|1" />
        <i3dMapping id="supportCol01" node="0>0|3|1|3|6" />
        <i3dMapping id="supportCol02" node="0>0|3|1|3|7" />
        <i3dMapping id="foliageBendingNode" node="0>0|3|1|3|11" />
        <i3dMapping id="areaMarkerLeft" node="0>0|3|1|3|12|0" />
        <i3dMapping id="areaMarkerRight" node="0>0|3|1|3|12|1" />
        <i3dMapping id="areaMarkerBack" node="0>0|3|1|3|12|2" />
        <i3dMapping id="sizeMarkerLeft" node="0>0|3|1|3|12|3" />
        <i3dMapping id="sizeMarkerRight" node="0>0|3|1|3|12|4" />
        <i3dMapping id="sizeMarkerBack" node="0>0|3|1|3|12|5" />
        <i3dMapping id="aiCollisionNode" node="0>0|3|1|3|12|6" />
        <i3dMapping id="hydraulicMainFrame" node="0>0|3|1|4" />
        <i3dMapping id="hydraulicMainFrame_punch" node="0>0|3|1|4|0" />
        <i3dMapping id="plowOrientationArmRef" node="0>0|3|1|5" />
        <i3dMapping id="supportArm" node="0>0|3|1|6|0" />
        <i3dMapping id="groundReferneceNodeTop" node="0>0|3|1|8" />
        <i3dMapping id="groundReferneceNodeBottom" node="0>0|3|1|9" />
        <i3dMapping id="hydraulicRotPart_punchRef" node="0>0|3|2" />
        <i3dMapping id="lockBolts" node="0>0|3|3" />
        <i3dMapping id="screws_decal" node="0>0|4|1" />
        <i3dMapping id="hosesArm" node="0>1|1" />
        <i3dMapping id="iPlough2500_attacher_component2" node="1>" />
        <i3dMapping id="attacherBar" node="1>0|0" />
        <i3dMapping id="attacherJoint" node="1>0|0|0" />
    </i3dMappings>
</vehicle>
