<?xml version="1.0" encoding="utf-8" standalone="no" ?>
<modDesc descVersion="61">
    <author>GIANTS Software</author>
    <version>1.0.0.0</version>
    <title>
        <en>Kverneland 2500 S i-Plough</en>
    </title>
    <description>
        <en>
            <![CDATA[Price: 36.000 €
Required power: 165 hp
Working width: 2.5 m
Max. working speed: 12 kph
]]>
</en>
        <de>
            <![CDATA[Preis: 36.000 €
Benötigte Leistung: 165 PS
Arbeitsbreite: 2.5 m
Arbeitsgeschwindigkeit: 12 km/h
]]>
</de>
        <fr>
            <![CDATA[Prix: 36.000 €
Puissance requise: 165 ch
Largeur de travail: 2.5 m
Vitesse de travail: 12 km/h
]]>
</fr>
    </description>
    <iconFilename>icon_iPlough2500.dds</iconFilename>
    <multiplayer supported="true" />

    <storeItems>
        <storeItem xmlFilename="iPlough2500.xml" />
    </storeItems>
</modDesc>
