﻿<?xml version="1.0" encoding="utf-8" standalone="no" ?>
<vehicle type="shovel" xmlns:xsi="http://www.w3.org/2001/XMLSchema-instance" xsi:noNamespaceSchemaLocation="https://validation.gdn.giants-software.com//xml/fs22/vehicle.xsd">
    <annotation>Copyright (C) GIANTS Software GmbH, All Rights Reserved.</annotation>

    <storeData>
        <name>$l10n_shopItem_grabshovel</name>
        <specs>
            <combination filterCategory="teleLoaderVehicles" />
        </specs>
        <image>store_greifschaufel.png</image>
        <price>3900</price>
        <lifetime>600</lifetime>
        <rotation>0</rotation>
        <brand>LIZARD</brand>
        <category>teleLoaderTools</category>
        <shopTranslationOffset>0 0.003 0</shopTranslationOffset>
        <shopRotationOffset>1.348 0 0</shopRotationOffset>
        <vertexBufferMemoryUsage>528128</vertexBufferMemoryUsage>
        <indexBufferMemoryUsage>96512</indexBufferMemoryUsage>
        <textureMemoryUsage>655360</textureMemoryUsage>
        <audioMemoryUsage>0</audioMemoryUsage>
        <instanceVertexBufferMemoryUsage>0</instanceVertexBufferMemoryUsage>
        <instanceIndexBufferMemoryUsage>0</instanceIndexBufferMemoryUsage>
    </storeData>

    <base>
        <typeDesc>$l10n_shopItem_grabshovel</typeDesc>
        <filename>greifschaufel.i3d</filename>
        <size width="3.0" length="1.7" height="1.5" lengthOffset="-0.15"/>
        <supportsPickUp>false</supportsPickUp>
        <components>
            <component centerOfMass="0 0.2 -0.25" solverIterationCount="10" mass="470" />
            <component solverIterationCount="10" mass="134" />
            <joint component1="1" component2="2" node="grabberJoint" rotLimit="0 0 0" transLimit="0 0 0" rotLimitSpring="300 0 0" rotLimitDamping="30 0 0" rotLimitForceLimit="10 -1 -1" />
        </components>
        <schemaOverlay attacherJointPosition="0 0" name="IMPLEMENT" />
    </base>

    <attachable>
        <inputAttacherJoints>
            <inputAttacherJoint node="attacherJoint" jointType="telehandler" />
        </inputAttacherJoints>
    </attachable>

    <connectionHoses>
        <hose inputAttacherJointIndices="1" type="hydraulicIn"  node="hydraulicIn01"  length="0.3" diameter="0.02" straighteningFactor="0.5"/>
        <hose inputAttacherJointIndices="1" type="hydraulicOut" node="hydraulicOut01" length="0.3" diameter="0.02" straighteningFactor="0.5"/>
    </connectionHoses>

    <fillUnit>
        <fillUnitConfigurations>
            <fillUnitConfiguration>
                <fillUnits>
                    <fillUnit shopDisplayUnit="LITER" fillTypeCategories="BULK" capacity="3900" >
                        <exactFillRootNode node="exactFillRootNode" />
                    </fillUnit>
                </fillUnits>
            </fillUnitConfiguration>
        </fillUnitConfigurations>
    </fillUnit>

    <fillVolume>
        <fillVolumeConfigurations>
            <fillVolumeConfiguration>
                <volumes>
                    <volume node="fillVolume" maxDelta="10" maxAllowedHeapAngle="60" fillUnitIndex="1" />
                </volumes>
            </fillVolumeConfiguration>
        </fillVolumeConfigurations>

        <loadInfos>
            <loadInfo>
                <node node="fillVolumeLoadNode" width="1.1" length="0.2" />
            </loadInfo>
        </loadInfos>

        <unloadInfos>
            <unloadInfo>
                <node node="fillVolumeUnloadNode" width="1.1" length="0.1" />
            </unloadInfo>
        </unloadInfos>
    </fillVolume>

    <cylindered>
        <movingTools>
            <movingTool node="grabberJoint" playSound="true" >
                <controls axis="AXIS_FRONTLOADER_TOOL2" invertAxis="true" mouseSpeedFactor="0.3" iconName="TOOL_OPEN_CLOSE" />
                <componentJoint index="1" anchorActor="0" />
                <rotation rotSpeed="100" rotAcceleration="250" rotMax="0" rotMin="-85"/>
            </movingTool>
        </movingTools>

        <movingParts>
            <movingPart node="grabber" referencePoint="grabberRef" referenceFrame="grabberRef" limitedAxis="1" isActiveDirty="true" maxUpdateDistance="-">
                <dependentPart node="hydraulic" />
            </movingPart>
            <movingPart node="hydraulic" referencePoint="hydraulicRef" referenceFrame="hydraulicRef" >
                <translatingPart node="hydraulicPunch" />
            </movingPart>
        </movingParts>

        <sounds>
            <actionSound template="defaultHydraulicSound" pitchScale="0.6" volumeScale="2"   linkNode="grabberJoint" actionNames="TOOL_MOVE_POS TOOL_MOVE_NEG"  nodes="grabberJoint"/>
            <actionSound template="clackVar6"             pitchScale="0.9" volumeScale="1.4" linkNode="grabberJoint" actionNames="TOOL_MOVE_END_POS_LIMIT"      nodes="grabberJoint"/>
            <actionSound template="cylinderPunch"         pitchScale="2"   volumeScale="0.5" linkNode="grabberJoint" actionNames="TOOL_MOVE_END_POS_LIMIT"      nodes="grabberJoint"/>
            <actionSound template="clackVar6"             pitchScale="0.6" volumeScale="1.7" linkNode="grabberJoint" actionNames="TOOL_MOVE_END_NEG_LIMIT"      nodes="grabberJoint"/>
            <actionSound template="sheetImp02"            pitchScale="0.8" volumeScale="2"   linkNode="grabberJoint" actionNames="TOOL_MOVE_END_NEG_LIMIT"      nodes="grabberJoint"/>
        </sounds>
    </cylindered>

    <dischargeable requiresTipOcclusionArea="false">
        <dischargeNode node="dischargeNode" fillUnitIndex="1" emptySpeed="2000" >
            <raycast node="dischargeNode" maxDistance="30" useWorldNegYDirection="true" yOffset="2"/>
            <info width="1.0" length="0.2" zOffset="0.5"/>
            <movingToolActivation node="grabberJoint" isInverted="true" openFactor="0.3" />

            <effects>
                <effectNode effectClass="TipEffect">
                    <effectNode effectNode="emitterShape" effectClass="ParticleEffect" lifespan="0.3" materialType="unloadingParticle"/>
                    <effectNode effectNode="grainEffect" materialType="unloading" materialTypeId="1" fadeTime="0.5" alignXAxisToWorldY="true" />
                </effectNode>
                <effectNode effectNode="smokeEffect" materialType="smoke" materialTypeId="1" fadeTime="0.5" />
            </effects>
        </dischargeNode>
    </dischargeable>

    <shovel>
        <shovelNode node="pickUpNode" fillUnitIndex="1" loadInfoIndex="1" width="1.3" length="0.5" needsMovement="true" maxPickupAngle="105">
            <movingToolActivation node="grabberJoint" isInverted="true" openFactor="0.1" />
        </shovelNode>
        <dischargeInfo node="dischargeNode" minSpeedAngle="105" maxSpeedAngle="180" />
    </shovel>

    <leveler fillUnitIndex="2" maxFillLevelPerMS="30">
        <levelerNode node="levelerNode" width="1.6" zOffset="0.2" minDropWidth="1" maxDropWidth="2.5" minDropDirOffset="1" maxDropDirOffset="1.5" minFillLevel="0.85">
            <smoothing allowed="true" radius="0.5" overlap="1.7" direction="0"/>
        </levelerNode>

        <pickUpDirection>1</pickUpDirection>
    </leveler>

    <suspensions>
        <suspension node="levelerNode" weight="150" minTranslation="0 -0.5 0.0" maxTranslation="0.0 0.5 0.0" suspensionParametersX="20 4" suspensionParametersY="1 1" suspensionParametersZ="20 4" serverOnly="true"/>
    </suspensions>

    <ai>
        <agentAttachment width="2.8" height="1.5" length="1.6" lengthOffset="-0.2"/>
    </ai>

    <foliageBending>
        <bendingNode minX="-1.25" maxX="1.25" minZ="-0.7" maxZ="0.4" yOffset="0" />
    </foliageBending>

    <baseMaterial>
        <material name="greifschaufel_mat" baseNode="greifschaufel_vis">
            <shaderParameter name="colorMat0" value="STOLL_GREY1"/>
        </material>
    </baseMaterial>

    <wearable wearDuration="480" workMultiplier="5" fieldMultiplier="2"/>
    <washable dirtDuration="90" washDuration="1" workMultiplier="6" fieldMultiplier="2"/>

    <i3dMappings>
        <i3dMapping id="greifschaufel_main_component1" node="0>" />
        <i3dMapping id="greifschaufel_vis" node="0>0" />
        <i3dMapping id="grabberJoint" node="0>0|0" />
        <i3dMapping id="attacherJoint" node="0>0|1|0" />
        <i3dMapping id="hydraulicIn01" node="0>0|1|1|0" />
        <i3dMapping id="hydraulicOut01" node="0>0|1|1|1" />
        <i3dMapping id="grabber" node="0>0|2|0|0" />
        <i3dMapping id="hydraulicRef" node="0>0|2|0|0|0" />
        <i3dMapping id="hydraulic" node="0>0|3|0" />
        <i3dMapping id="hydraulicPunch" node="0>0|3|0|0" />
        <i3dMapping id="hydraulicJoint" node="0>0|3|0|1" />
        <i3dMapping id="dischargeNode" node="0>0|4|0" />
        <i3dMapping id="pickUpNode" node="0>0|4|1" />
        <i3dMapping id="fillVolume" node="0>0|4|2|0" />
        <i3dMapping id="fillVolumeLoadNode" node="0>0|4|3" />
        <i3dMapping id="fillVolumeUnloadNode" node="0>0|4|4" />
        <i3dMapping id="exactFillRootNode" node="0>0|4|5" />
        <i3dMapping id="levelerNode" node="0>0|4|6" />
        <i3dMapping id="grainEffect" node="0>0|5|0" />
        <i3dMapping id="smokeEffect" node="0>0|5|1" />
        <i3dMapping id="emitterShape" node="0>0|5|2" />
        <i3dMapping id="greifschaufel_grabber_component2" node="1>" />
        <i3dMapping id="grabberRef" node="1>0" />
        <i3dMapping id="colPart01" node="1>1|0" />
        <i3dMapping id="colPart02" node="1>1|1" />
        <i3dMapping id="colPart03" node="1>1|2" />
    </i3dMappings>
</vehicle>
