﻿<?xml version="1.0" encoding="utf-8" standalone="no" ?>
<modDesc descVersion="63">
    <author>Vertex Dezign</author>
    <version>1.0.0.0</version>
    <title>
        <en>Shovel With Grapple</en>
        <de>Greifschaufel</de>
    </title>
    <description>
        <en>
            <![CDATA[Price: 3.900€
Capacity: 3900l
Combination: Telehandler
]]>
        </en>
        <de>
            <![CDATA[Preis: 3.900€
Kapazität: 3900l
Kombination: Teleskoplader
]]>
        </de>
        <fr>
            <![CDATA[Price: 3.900€
Capacité: 3900l
Combinaison: Télescopique
]]>
        </fr>
    </description>
    <iconFilename>icon_greifschaufel.png</iconFilename>
	<multiplayer supported="true"/>

    <storeItems>
        <storeItem xmlFilename="greifschaufel.xml"/>
    </storeItems>

	<l10n>
		<text name="shopItem_grabshovel">
            <en>Shovel with grapple</en>
            <de>Greifschaufel</de>
		</text>
	</l10n>
</modDesc>
