﻿<?xml version="1.0" encoding="utf-8" standalone="no" ?>
<modDesc descVersion="61">
    <author>Univers Simu Modding</author>
    <version>1.0.0.1</version>
    <title>
        <en>Kramer KL30.8T</en>
    </title>
    <description>
        <en>
            <![CDATA[
The KL30.8T, the Kramer premium series telescopic wheel loader, offers the very best in quality and comfort. Equipped as standard with the 75 HP Deutz Diesel engine, this wheel loader can also be configured with a biogas engine or an electric motor.
Price: 60000 - 70000 €
Power: 50 - 75 HP

Changelog 1.0.0.1 :
addition of front hydraulics
]]>
</en>
        <fr>
            <![CDATA[
La KL30.8T, la chargeuse sur pneus télescopique Kramer de la série premium, offre ce qui se fait de mieux en termes de qualité et de confort. Equipée d'origine du moteur Deutz Diesel de 75 CV, cette chargeuse sur pneus peut aussi être configurée avec un moteur au biogaz ou un moteur électrique.
Prix : 60000 - 70000 €
Puissance : 50 - 75 CV

Changelog 1.0.0.1 :
ajout de l'hydraulique avant
]]>
        </fr>
		
		        <de>
            <![CDATA[
Der KL30.8T, der Kramer Teleskopradlader der Premium-Serie, bietet höchste Qualität und Komfort. Serienmäßig mit dem 75 PS Deutz Dieselmotor ausgestattet, kann dieser Radlader auch mit einem Biogasmotor oder einem Elektromotor konfiguriert werden.
Preis: 60000 - 70000 €
Leistung: 50 - 75 PS

Changelog 1.0.0.1 :
Hinzugefügte Attacher für Schläuche
]]>
        </de>
    </description>
    <iconFilename>modIcon_t308.png</iconFilename>
    <multiplayer supported="true"/>

    <brands>
        <brand name="KRAMER" title="KRAMER" image="$data\store\brands\brand_kramer.dds"/>
    </brands>

    <storeItems>
        <storeItem xmlFilename="t308.xml"/>
		 <storeItem xmlFilename="t308_elec.xml"/>
		 <storeItem xmlFilename="t308_biogaz.xml"/>
    </storeItems>
</modDesc>
