<?xml version="1.0" encoding="utf-8" standalone="no"?>
<vehicle type="tractor" xmlns:xsi="http://www.w3.org/2001/XMLSchema-instance" xsi:noNamespaceSchemaLocation="../../../../shared/xml/schema/vehicle.xsd">
    <annotation>Copyright (C) GIANTS Software GmbH, All Rights Reserved.</annotation>

    <storeData>
        <name>KL30.8T Biogaz Upgrade</name>
        <specs>
            <power>75</power>
            <maxSpeed>40</maxSpeed>
            <combination filterCategory="frontLoaderTools" />
        </specs>
        <functions>
            <function>$l10n_function_frontloader</function>
        </functions>
        <image>store_t308.png</image>
        <price>70000</price>
        <lifetime>600</lifetime>
        <rotation>0</rotation>
        <brand>KRAMER</brand>
        <category>frontLoaderVehicles</category>
        <shopTranslationOffset>0 -0.03 0</shopTranslationOffset>
        <shopRotationOffset>0 0 0</shopRotationOffset>
        <vertexBufferMemoryUsage>2398720</vertexBufferMemoryUsage>
        <indexBufferMemoryUsage>393728</indexBufferMemoryUsage>
        <textureMemoryUsage>2424832</textureMemoryUsage>
        <audioMemoryUsage>312200</audioMemoryUsage>
        <instanceVertexBufferMemoryUsage>0</instanceVertexBufferMemoryUsage>
        <instanceIndexBufferMemoryUsage>0</instanceIndexBufferMemoryUsage>
    </storeData>

    <base>
        <typeDesc>$l10n_typeDesc_telehandler</typeDesc>
        <filename>t308.i3d</filename>
        <sounds filename="$data/vehicles/newHolland/tk4/sounds/tk4.xml"/>
        <size width="2.5" length="6"/>
        <components>
            <component centerOfMass="0 0.55 -0.45" solverIterationCount="10" mass="5036" />
        </components>
        <schemaOverlay attacherJointPosition="0 0" name="LOADER" />
        <mapHotspot type="WHEELLOADER" />
    </base>

    <wheels>
        <wheelConfigurations>
            <wheelConfiguration name="$l10n_configuration_valueDefault" price="0" brand="TRELLEBORG" saveId="TRELLEBORG_DEFAULT">
                <wheels autoRotateBackSpeed="2.7">
                    <wheel filename="$data/shared/wheels/tires/trelleborg/TH400/400_70R20.xml" isLeft="true" hasTireTracks="true" hasParticles="true">
                        <physics rotSpeed="1" restLoad="0.9" repr="axisFrontLeft"  driveNode="wheelFrontLeft"  forcePointRatio="0.5" initialCompression="20" suspTravel="0.15" spring="25" damper="120"/>
                        <steering node="steeringBarFront" nodeMinTransX="0.11" nodeMaxTransX="-0.11"/>
                        <fender node="wheelFrontLeftHydraulic" rotMax="38"/>
                    </wheel>
                    <wheel filename="$data/shared/wheels/tires/trelleborg/TH400/400_70R20.xml" isLeft="false" hasTireTracks="true" hasParticles="true">
                        <physics rotSpeed="1" restLoad="0.9" repr="axisFrontRight" driveNode="wheelFrontRight" forcePointRatio="0.5" initialCompression="20" suspTravel="0.15" spring="25" damper="120"/>
                        <fender node="wheelFrontRightHydraulic" rotMin="-38"/>
                    </wheel>
                    <wheel filename="$data/shared/wheels/tires/trelleborg/TH400/400_70R20.xml" isLeft="true" hasTireTracks="true" hasParticles="true">
                        <physics rotSpeed="1" restLoad="1.9" repr="axisBackLeft"   driveNode="wheelBackLeft"   forcePointRatio="0.5" initialCompression="45" suspTravel="0.15" spring="26" damper="120"/>
                        <steering node="hydraulicSteeringBack" nodeMinTransX="-0.11" nodeMaxTransX="0.11"/>
                        <fender node="wheelBackLeftHydraulic" rotMin="-38"/>
                    </wheel>
                    <wheel filename="$data/shared/wheels/tires/trelleborg/TH400/400_70R20.xml" isLeft="false" hasTireTracks="true" hasParticles="true">
                        <physics rotSpeed="1" restLoad="1.9" repr="axisBackRight"  driveNode="wheelBackRight"  forcePointRatio="0.5" initialCompression="45" suspTravel="0.15" spring="26" damper="120"/>
                        <fender node="wheelBackRightHydraulic" rotMax="38"/>
                    </wheel>
                </wheels>
            </wheelConfiguration>
			
            <wheelConfiguration name="$l10n_configuration_valueDefault" price="0" brand="MICHELIN" saveId="MICHELIN_DEFAULT">
                <wheels baseConfig="TRELLEBORG_DEFAULT">
                    <wheel filename="$data/shared/wheels/tires/michelin/multibib/440_65R24.xml">
                        <physics yOffset="0.006"/>
                    </wheel>
                    <wheel filename="$data/shared/wheels/tires/michelin/multibib/440_65R24.xml">
                        <physics yOffset="0.006"/>
                    </wheel>
                    <wheel filename="$data/shared/wheels/tires/michelin/multibib/440_65R24.xml">
                        <physics yOffset="0.006"/>
                    </wheel>
                    <wheel filename="$data/shared/wheels/tires/michelin/multibib/440_65R24.xml">
                        <physics yOffset="0.006"/>
                    </wheel>
                </wheels>
            </wheelConfiguration>
			
            <wheelConfiguration name="$l10n_configuration_valueDefault" price="0" brand="CONTINENTAL" saveId="CONTINENTAL_DEFAULT">
                <wheels baseConfig="TRELLEBORG_DEFAULT">
                    <wheel filename="$data/shared/wheels/tires/continental/tractorMaster/440_65R24.xml">
                        <physics yOffset="0.006"/>
                    </wheel>
                    <wheel filename="$data/shared/wheels/tires/continental/tractorMaster/440_65R24.xml">
                        <physics yOffset="0.006"/>
                    </wheel>
                    <wheel filename="$data/shared/wheels/tires/continental/tractorMaster/440_65R24.xml">
                        <physics yOffset="0.006"/>
                    </wheel>
                    <wheel filename="$data/shared/wheels/tires/continental/tractorMaster/440_65R24.xml">
                        <physics yOffset="0.006"/>
                    </wheel>
                </wheels>
            </wheelConfiguration>
			
            <wheelConfiguration name="$l10n_configuration_valueDefault" price="0" brand="MITAS" saveId="MITAS_DEFAULT">
                <wheels baseConfig="TRELLEBORG_DEFAULT">
                    <wheel filename="$data/shared/wheels/tires/mitas/TR09/400_75R20.xml">
                        <physics yOffset="0.006"/>
                    </wheel>
                    <wheel filename="$data/shared/wheels/tires/mitas/TR09/400_75R20.xml">
                        <physics yOffset="0.006"/>
                    </wheel>
                    <wheel filename="$data/shared/wheels/tires/mitas/TR09/400_75R20.xml">
                        <physics yOffset="0.006"/>
                    </wheel>
                    <wheel filename="$data/shared/wheels/tires/mitas/TR09/400_75R20.xml">
                        <physics yOffset="0.006"/>
                    </wheel>
                </wheels>
            </wheelConfiguration>
			
            <wheelConfiguration name="$l10n_configuration_valueDefault" price="0" brand="BKT" saveId="BKT_DEFAULT">
                <wheels baseConfig="TRELLEBORG_DEFAULT">
                    <wheel filename="$data/shared/wheels/tires/bkt/multimaxMP522/400_70R20.xml">
                        <physics yOffset="0.006"/>
                    </wheel>
                    <wheel filename="$data/shared/wheels/tires/bkt/multimaxMP522/400_70R20.xml">
                        <physics yOffset="0.006"/>
                    </wheel>
                    <wheel filename="$data/shared/wheels/tires/bkt/multimaxMP522/400_70R20.xml">
                        <physics yOffset="0.006"/>
                    </wheel>
                    <wheel filename="$data/shared/wheels/tires/bkt/multimaxMP522/400_70R20.xml">
                        <physics yOffset="0.006"/>
                    </wheel>
                </wheels>
            </wheelConfiguration>
			
            <wheelConfiguration name="$l10n_configuration_valueDefault" price="0" brand="VREDESTEIN" saveId="VREDESTEIN_DEFAULT">
                <wheels baseConfig="TRELLEBORG_DEFAULT">
                    <wheel filename="$data/shared/wheels/tires/vredestein/endurion/400_70R20.xml">
                        <physics yOffset="0.006"/>
                    </wheel>
                    <wheel filename="$data/shared/wheels/tires/vredestein/endurion/400_70R20.xml">
                        <physics yOffset="0.006"/>
                    </wheel>
                    <wheel filename="$data/shared/wheels/tires/vredestein/endurion/400_70R20.xml">
                        <physics yOffset="0.006"/>
                    </wheel>
                    <wheel filename="$data/shared/wheels/tires/vredestein/endurion/400_70R20.xml">
                        <physics yOffset="0.006"/>
                    </wheel>
                </wheels>
            </wheelConfiguration>
			
            <wheelConfiguration name="$l10n_configuration_valueDefault" price="0" brand="NOKIAN" saveId="NOKIAN_DEFAULT">
                <wheels baseConfig="TRELLEBORG_DEFAULT">
                    <wheel filename="$data/shared/wheels/tires/nokian/TRI2/420_65R24.xml">
                        <physics yOffset="0.006"/>
                    </wheel>
                    <wheel filename="$data/shared/wheels/tires/nokian/TRI2/420_65R24.xml">
                        <physics yOffset="0.006"/>
                    </wheel>
                    <wheel filename="$data/shared/wheels/tires/nokian/TRI2/420_65R24.xml">
                        <physics yOffset="0.006"/>
                    </wheel>
                    <wheel filename="$data/shared/wheels/tires/nokian/TRI2/420_65R24.xml">
                        <physics yOffset="0.006"/>
                    </wheel>
                </wheels>
            </wheelConfiguration>

        </wheelConfigurations>

        <rimColor>KRAMER_GREY2</rimColor>

        <hubs>
            <color0>0.0987 0.0987 0.0987 0</color0>
            <color1>SHARED_GREY1</color1>
            <hub linkNode="wheelFrontLeft"  filename="$data/shared/wheels/hubs/hub_n8_4.xml" isLeft="true"  scale="0.273 0.273 0.273" />
            <hub linkNode="wheelFrontRight" filename="$data/shared/wheels/hubs/hub_n8_4.xml" isLeft="false" scale="0.273 0.273 0.273" />
            <hub linkNode="wheelBackLeft"   filename="$data/shared/wheels/hubs/hub_n8_4.xml" isLeft="true"  scale="0.273 0.273 0.273" />
            <hub linkNode="wheelBackRight"  filename="$data/shared/wheels/hubs/hub_n8_4.xml" isLeft="false" scale="0.273 0.273 0.273" />
        </hubs>

        <ackermannSteeringConfigurations>
            <ackermannSteering rotSpeed="30" rotMax="40" rotCenter="0 0"/>
        </ackermannSteeringConfigurations>
    </wheels>

    <licensePlates>
        <licensePlate node="0>14|1"  position="BACK"  preferedType="ELONGATED" placementArea="0.07 0.25 0.07 0.25" />
    </licensePlates>

    <dynamicallyLoadedParts>
        <dynamicallyLoadedPart node="0" linkNode="wheelChock" filename="$data/shared/assets/wheelChocks/wheelChock02.i3d"/>
    </dynamicallyLoadedParts>

    <crabSteering>
        <steeringMode name="$l10n_action_steeringModeAllWheel">
            <wheel index="1" offset="0"/>
            <wheel index="2" offset="0"/>
            <wheel index="3" offset="0"/>
            <wheel index="4" offset="0"/>
        </steeringMode>
        <steeringMode name="$l10n_action_steeringModeFrontWheel">
            <wheel index="1" offset="0" locked="false"/>
            <wheel index="2" offset="0" locked="false"/>
            <wheel index="3" offset="0" locked="true"/>
            <wheel index="4" offset="0" locked="true"/>
        </steeringMode>
        <steeringMode name="$l10n_action_steeringModeCrabLeft">
            <wheel index="1" offset="15"/>
            <wheel index="2" offset="15"/>
            <wheel index="3" offset="15"/>
            <wheel index="4" offset="15"/>
        </steeringMode>
        <steeringMode name="$l10n_action_steeringModeCrabRight">
            <wheel index="1" offset="-15"/>
            <wheel index="2" offset="-15"/>
            <wheel index="3" offset="-15"/>
            <wheel index="4" offset="-15"/>
        </steeringMode>
    </crabSteering>

    <attacherJoints comboDuration="2">
        <attacherJoint node="trailerAttacherJointBack" jointType="trailer" lowerRotLimit="20 85 85" upperRotationOffset="0" allowsJointLimitMovement="false" canTurnOnImplement="false">
            <distanceToGround upper="0.98" lower="0.6"/>
            <transNode node="trailerAttacherJointTrans" minY="0.621" maxY="0.993"/>
            <schema position="1 0" rotation="0" invertX="false"/>
        </attacherJoint>
        <attacherJoint node="attacherJointTools" nodeVisual="attacherJointTools_visual" jointType="frontloader" rotLimitSpring="7500 7500 7500" rotLimitDamping="5 5 5" transLimitSpring="7500 7500 7500" transLimitDamping="5 5 5" allowsJointLimitMovement="false" allowsLowering="false">
            <schema position="1 0" rotation="0" invertX="true"/>
        </attacherJoint>

        <sounds>
            <attach template="ATTACH_01" />
        </sounds>
    </attacherJoints>

    <lights>
        <sharedLight linkNode="workingLightSquare_04_01" node="0" lightTypes="2" filename="$data/shared/assets/lights/lizard/workingLight11.xml">
            <rotationNode name="rotArm" rotation="0 0 -10" />
        </sharedLight>
        <sharedLight linkNode="workingLightSquare_04_02" node="0" lightTypes="2" filename="$data/shared/assets/lights/lizard/workingLight11.xml">
            <rotationNode name="rotArm" rotation="0 0 -10" />
        </sharedLight>
        <sharedLight linkNode="workingLightSquare_04_03" node="0" lightTypes="1" filename="$data/shared/assets/lights/lizard/workingLight11.xml">
            <rotationNode name="rotArm" rotation="0 0 -10" />
        </sharedLight>
        <sharedLight linkNode="workingLightSquare_04_04" node="0" lightTypes="1" filename="$data/shared/assets/lights/lizard/workingLight11.xml">
            <rotationNode name="rotArm" rotation="0 0 -10" />
        </sharedLight>

        <states>
            <state lightTypes="0"/>
            <state lightTypes="0 1"/>
            <state lightTypes="0 1 2"/>
        </states>

        <realLights>
            <low>
                <light node="frontLightLow"         lightTypes="0" excludedLightTypes="2 3" />
                <light node="workLightBackLow"      lightTypes="1"/>
                <light node="workLightFrontLow"     lightTypes="2"/>
                <light node="highBeamLow"           lightTypes="3" />
            </low>
            <high>
                <light node="frontLightHigh"        lightTypes="0" excludedLightTypes="2 3" />
                <light node="workLightBackHigh"     lightTypes="1"/>
                <light node="workLightFrontHigh"    lightTypes="2"/>
                <light node="highBeamHigh"          lightTypes="3"/>
                <light node="backLightsHigh"        lightTypes="0"/>
                <brakeLight node="backLightsHigh" />
                <turnLightLeft node="turnLightLeftFront" />
                <turnLightRight node="turnLightRightFront" />
            </high>
        </realLights>

        <defaultLights>
            <defaultLight shaderNode="frontlightStatic"      lightTypes="0 3" intensity="45"/>
            <defaultLight shaderNode="frontlightStaticGlass" lightTypes="0 3" intensity="0.5"/>
            <defaultLight shaderNode="backlightsStatic"      lightTypes="0" intensity="45"/>
            <defaultLight shaderNode="backightsStaticGlass"  lightTypes="1" intensity="0.5"/>
        </defaultLights>

        <brakeLights>
            <brakeLight shaderNode="backlightsStatic"/>
            <brakeLight shaderNode="backightsStaticGlass"/>
        </brakeLights>

        <turnLights>
            <turnLightLeft shaderNode="turnlightLeftStatic"        intensity="45"/>
            <turnLightLeft shaderNode="turnlightLeftStaticGlass"   intensity="0.5"/>
            <turnLightRight shaderNode="turnlightRightStatic"      intensity="45"/>
            <turnLightRight shaderNode="turnlightRightStaticGlass" intensity="0.5"/>
        </turnLights>

        <beaconLights>
            <beaconLight node="beaconLight" filename="$data/shared/assets/beaconLights/lizard/beaconLight08.xml"/>
        </beaconLights>

        <dashboards>
            <dashboard displayType="EMITTER" valueType="lightState" node="cabinDecalLight" intensity="0.1" lightTypes="0" groups="MOTOR_ACTIVE"/>
        </dashboards>
    </lights>

    <enterable>
        <exitPoint node="exitPoint"/>
        <enterReferenceNode node="t308_main_component1"/>

        <cameras>
            <camera node="outdoorCamera" rotatable="true" rotateNode="outdoorCameraTarget" limit="true" useWorldXZRotation="true" rotMinX="-1.4" rotMaxX="1" transMin="5" transMax="40" translation="0 0 5" rotation="-17.5 180 0">
                <raycastNode node="cameraRaycastNode1"/>
                <raycastNode node="cameraRaycastNode2"/>
                <raycastNode node="cameraRaycastNode3"/>
            </camera>
            <camera node="indoorCamera" rotatable="true" limit="true" rotMinX="-1.1" rotMaxX="0.4" transMin="0" transMax="0" useMirror="true" isInside="true" shadowFocusBox="shadowFocusBox" />
        </cameras>

        <characterNode node="playerSkin" cameraMinDistance="1.5" spineRotation="-90 0 90">
            <target ikChain="rightFoot" targetNode="playerRightFootTarget" />
            <target ikChain="leftFoot" targetNode="playerLeftFootTarget" />
            <target ikChain="rightArm" targetNode="playerRightHandTarget" poseId="wideFingers"/>
            <target ikChain="leftArm" targetNode="playerLeftHandTarget" />
        </characterNode>

        <characterTargetNodeModifier node="playerRightFootTarget" transitionTime="0.1">
            <state node="playerRightFootTargetGas"   referenceNode="gasPedal" directionReferenceNode="playerRightFootTargetGasRef"/>
        </characterTargetNodeModifier>

        <characterTargetNodeModifier node="playerLeftFootTarget" transitionTime="0.1">
            <state node="playerRightFootTargetBrake" referenceNode="brakePedal" />
        </characterTargetNodeModifier>

        <mirrors>
            <mirror node="mirrorLeftDecal" prio="1"/>
            <mirror node="mirrorRightDecal" prio="1"/>
        </mirrors>
    </enterable>

    <connectionHoses>
        <target attacherJointIndices="1" type="hydraulicIn" node="0>14|5">
        </target>
        <target attacherJointIndices="1" type="hydraulicOut" node="0>14|6">
        </target>
        <target attacherJointIndices="1" type="electric" node="0>14|4">
        </target>
        <target attacherJointIndices="1" type="airDoubleYellow" node="0>14|2" socket="air_yellow"/>
        <target attacherJointIndices="1" type="airDoubleRed" node="0>14|3" socket="air_red"/>


        <target attacherJointIndices="2" type="hydraulicIn" node="0>6|1|0|6|0" socket="hydraulic01"/>
        <target attacherJointIndices="2" type="hydraulicOut" node="0>6|1|0|6|1" socket="hydraulic01"/>
        <target attacherJointIndices="2" type="hydraulicOut" node="0>6|1|0|6|2" socket="hydraulic02" socketColor="0.0545 0.3813 1.000"/>


    </connectionHoses>

    <suspensions>
        <suspension node="seat"              weight="150" minTranslation="-0.02 -0.15 0.0" maxTranslation="0.02 0.15 0.0" suspensionParametersX="20 4" suspensionParametersY="5 1" suspensionParametersZ="20 4" />
        <suspension useCharacterTorso="true" weight="90" minRotation="0 -5 -5" maxRotation="0 5 5" suspensionParametersY="7 1" suspensionParametersZ="7 1" />
    </suspensions>

    <wipers>
        <wiper animName="wiperFrontAnimation" >
            <state animSpeed="0.75" animPause="2.0" />
            <state animSpeed="0.75" animPause="0.0" />
            <state animSpeed="1.10" animPause="0.0" />
        </wiper>
        <wiper animName="wiperBackAnimation" >
            <state animSpeed="1.0" animPause="2.0" />
        </wiper>
    </wipers>

    <motorized>
        <consumerConfigurations>
            <consumerConfiguration>
                <consumer fillUnitIndex="1" usage="22" fillType="METHANE"/> <!-- usage is per hour at max load and max rpm -->
                <consumer fillUnitIndex="2" usage="200" fillType="air" permanentConsumption="false" refillLitersPerSecond="250" refillCapacityPercentage="0.5" /> <!-- usage per second at full brake power -->
            </consumerConfiguration>
        </consumerConfigurations>

        <differentialConfigurations>
            <differentialConfiguration>
                <differentials>
                    <differential torqueRatio="0.5" maxSpeedRatio="2.1" wheelIndex1="1" wheelIndex2="2"/>
                    <differential torqueRatio="0.5" maxSpeedRatio="2.0" wheelIndex1="3" wheelIndex2="4"/>
                    <differential torqueRatio="0.5" maxSpeedRatio="1.2" differentialIndex1="1" differentialIndex2="2"/>
                </differentials>
            </differentialConfiguration>
        </differentialConfigurations>

        <motorConfigurations>
            <motorConfiguration name="KL30.8T Biogaz Upgrade" price="0" hp="75">
                <motor torqueScale="0.32" minRpm="850" maxRpm="2200" maxForwardSpeed="43" maxBackwardSpeed="22" brakeForce="1.2" lowBrakeForceScale="0.22" accelerationLimit="4" dampingRateScale="0.2">
                    <torque normRpm="0.45" torque="0.9"/>
                    <torque normRpm="0.5" torque="0.97"/>
                    <torque normRpm="0.59" torque="1"/>
                    <torque normRpm="0.72" torque="1"/>
                    <torque normRpm="0.86" torque="0.88"/>
                    <torque normRpm="1" torque="0.72"/>
                </motor>
                <transmission minForwardGearRatio="19" maxForwardGearRatio="300" minBackwardGearRatio="37.5" maxBackwardGearRatio="300" name="$l10n_info_transmission_cvt" />
				<motorStartDuration>500</motorStartDuration>
            </motorConfiguration>
        </motorConfigurations>

        <exhaustEffects>
            <exhaustEffect node="exhausParticles" filename="$data/effects/exhaust/exhaust.i3d" minRpmColor="0.9 0.9 0.9 0.1" maxRpmColor="0.9 0.9 0.9 0.4" minRpmScale="0.05" maxRpmScale="0.5" xzRotationsOffset="50 0" xzRotationsForward="-50 0" xzRotationsBackward="50 0" xzRotationsLeft="0 -150" xzRotationsRight="0 150"/>
        </exhaustEffects>

        <motorStartDuration>1500</motorStartDuration>

        <dashboards>
            <dashboard displayType="TEXT" valueType="speed" node="numbersSpeed" textColor="0 0 0 1" textSize="0.005" textMask="00" font="GENERIC" groups="MOTOR_ACTIVE"/>
            <dashboard displayType="ANIMATION" valueType="motorTemperature" animName="tempDisplay" minValueAnim="50" maxValueAnim="110" groups="MOTOR_ACTIVE"/>
        </dashboards>

    </motorized>

    <drivable>
        <sounds>
            <waterSplash template="WATER_SPLASH_01" />
        </sounds>

        <steeringWheel node="steeringWheel" indoorRotation="540" outdoorRotation="70"/>

        <dashboards>
            <dashboard displayType="ROT" valueType="accelerationAxis" node="gasPedal"   minRot="0 0 0" maxRot="-13 0 0" doInterpolation="true" groups="MOTOR_ACTIVE"/>
            <dashboard displayType="ROT" valueType="decelerationAxis" node="brakePedal" minRot="0 0 0" maxRot="-20 0 0" doInterpolation="true" groups="MOTOR_ACTIVE"/>
            <dashboard displayType="ROT" valueType="steeringAngle" node="playerLeftHandTargetRotation" minRot="0 110 0" maxRot="0 -110 0" doInterpolation="true" groups="MOTOR_ACTIVE"/>
        </dashboards>
    </drivable>

    <animations>
        <animation name="fuelDisplay">
            <part node="fuelIndicator01" startTime="0" endTime="1" visibility="false"/>
            <part node="fuelIndicator01" startTime="1" endTime="10" visibility="true"/>
            <part node="fuelIndicator02" startTime="0" endTime="2" visibility="false"/>
            <part node="fuelIndicator02" startTime="2" endTime="10" visibility="true"/>
            <part node="fuelIndicator03" startTime="0" endTime="3" visibility="false"/>
            <part node="fuelIndicator03" startTime="3" endTime="10" visibility="true"/>
            <part node="fuelIndicator04" startTime="0" endTime="4" visibility="false"/>
            <part node="fuelIndicator04" startTime="4" endTime="10" visibility="true"/>
            <part node="fuelIndicator05" startTime="0" endTime="5" visibility="false"/>
            <part node="fuelIndicator05" startTime="5" endTime="10" visibility="true"/>
            <part node="fuelIndicator06" startTime="0" endTime="6" visibility="false"/>
            <part node="fuelIndicator06" startTime="6" endTime="10" visibility="true"/>
            <part node="fuelIndicator07" startTime="0" endTime="7" visibility="false"/>
            <part node="fuelIndicator07" startTime="7" endTime="10" visibility="true"/>
            <part node="fuelIndicator08" startTime="0" endTime="8" visibility="false"/>
            <part node="fuelIndicator08" startTime="8" endTime="10" visibility="true"/>
            <part node="fuelIndicator09" startTime="0" endTime="9" visibility="false"/>
            <part node="fuelIndicator09" startTime="9" endTime="10" visibility="true"/>
        </animation>
        <animation name="tempDisplay">
            <part node="tempIndicator01" startTime="0" endTime="1" visibility="false"/>
            <part node="tempIndicator01" startTime="1" endTime="10" visibility="true"/>
            <part node="tempIndicator02" startTime="0" endTime="2" visibility="false"/>
            <part node="tempIndicator02" startTime="2" endTime="10" visibility="true"/>
            <part node="tempIndicator03" startTime="0" endTime="3" visibility="false"/>
            <part node="tempIndicator03" startTime="3" endTime="10" visibility="true"/>
            <part node="tempIndicator04" startTime="0" endTime="4" visibility="false"/>
            <part node="tempIndicator04" startTime="4" endTime="10" visibility="true"/>
            <part node="tempIndicator05" startTime="0" endTime="5" visibility="false"/>
            <part node="tempIndicator05" startTime="5" endTime="10" visibility="true"/>
            <part node="tempIndicator06" startTime="0" endTime="6" visibility="false"/>
            <part node="tempIndicator06" startTime="6" endTime="10" visibility="true"/>
            <part node="tempIndicator07" startTime="0" endTime="7" visibility="false"/>
            <part node="tempIndicator07" startTime="7" endTime="10" visibility="true"/>
            <part node="tempIndicator08" startTime="0" endTime="8" visibility="false"/>
            <part node="tempIndicator08" startTime="8" endTime="10" visibility="true"/>
            <part node="tempIndicator09" startTime="0" endTime="9" visibility="false"/>
            <part node="tempIndicator09" startTime="9" endTime="10" visibility="true"/>
        </animation>

        <animation name="wiperFrontAnimation">
            <part node="wiperFront1Rot" startTime="0.0" endTime="0.9" startRot="0 0 45" endRot="0 0 135" />
            <part node="wiperFront2Rot" startTime="0.0" endTime="0.9" startRot="0 0 45" endRot="0 0 135" />

            <part node="wiperFront1Arm" startTime="0.0" endTime="0.45" startRot="0 0 0" endRot="0 6.7 0" />
            <part node="wiperFront1Arm" startTime="0.45" endTime="0.9" startRot="0 6.7 0" endRot="0 0 0" />
            <part node="wiperFront2Arm" startTime="0.0" endTime="0.45" startRot="0 0 0" endRot="0 6.7 0" />
            <part node="wiperFront2Arm" startTime="0.45" endTime="0.9" startRot="0 6.7 0" endRot="0 0 0" />

            <part node="wiperFront1" startTime="0.0" endTime="0.45" startRot="0 0 0"      endRot="-3.5 0 -45" />
            <part node="wiperFront1" startTime="0.45" endTime="0.9" startRot="-3.5 0 -45" endRot="-9 0 -90" />

            <part node="wiperFront1TopArm" startTime="0.0" endTime="0.45" startRot="9 0 0"      endRot="-1.135 0 0" />
            <part node="wiperFront1TopArm" startTime="0.45" endTime="0.9" startRot="-1.135 0 0" endRot="9 0 0" />
        </animation>
        <animation name="wiperBackAnimation">
            <part node="wiperBackArmRot" startTime="0.0" endTime="1.4" startRot="0 0 0" endRot="0 0 -180" />

            <part node="wiperBackArm" startTime="0.0" endTime="0.7" startRot="0 0 0" endRot="0 4.8 0" />
            <part node="wiperBackArm" startTime="0.7" endTime="1.4" startRot="0 4.8 0" endRot="0 0 0" />

            <part node="wiperBack"    startTime="0.0" endTime="0.7" startRot="0 0 0" endRot="0 4.4 0" />
            <part node="wiperBack"    startTime="0.7" endTime="1.4" startRot="0 4.4 0" endRot="0 0 0" />
        </animation>
    </animations>

    <cylindered>
        <movingTools>
            <movingTool node="dummyMainArm" delayedNode="mainArm" playSound="true" >
                <controls axis="AXIS_FRONTLOADER_ARM" invertAxis="true" mouseSpeedFactor="0.6" iconName="CRANE_ARM2_ROTATE_X"/>
                <rotation rotSpeed="22" rotAcceleration="150" rotMax="28" rotMin="-60" startRot="25"/>
                <dependentMovingTool node="dummyAttacherFrame" minRotLimits="10 -80" maxRotLimits="160 70"/>
                <attacherJoint jointIndices="2"/>
            </movingTool>
            <movingTool node="mainArm">
                <dependentPart node="mainArmHydraulic"/>
                <dependentPart node="mainArmHydraulic2"/>
                <dependentPart node="attachJointToMainArm"/>
                <dependentPart node="attacherFrameRot"/>
                <dependentPart node="dummyAttacherFrameRot"/>
                <dependentPart node="attacherArm"/>
            </movingTool>

            <movingTool node="dummyArmPart" delayedNode="transPart" playSound="true" >
                <controls axis="AXIS_FRONTLOADER_ARM2" invertAxis="false" mouseSpeedFactor="0.2" iconName="CRANE_ARM2_TRANSLATE"/>
                <translation transSpeed="1.7" transAcceleration="60" transMax="2" transMin="0.866" translationAxis="3"/>
                <attacherJoint jointIndices="2"/>
                <dependentPart node="attachJointToMainArmRefFrame"/>
            </movingTool>

            <movingTool node="dummyAttacherFrame" delayedNode="attacherFrame" playSound="true">
                <controls axis="AXIS_FRONTLOADER_TOOL" invertAxis="true" mouseSpeedFactor="0.6" iconName="CRANE_ARM2_ROTATE_TOOL"/>
                <rotation rotSpeed="70" rotAcceleration="150" rotMax="130" rotMin="-17" syncMinRotLimits="true" startRot="34"/>
                <attacherJoint jointIndices="2"/>
            </movingTool>
            <movingTool node="attacherFrame" >
                <dependentPart node="attacherArm"/>
            </movingTool>
        </movingTools>

        <movingParts>
            <movingPart node="mainArmHydraulic" referencePoint="mainArmHydraulicRef" referenceFrame="mainArmHydraulicRef">
                <translatingPart node="mainArmHydraulicPunch"/>
            </movingPart>
            <movingPart node="mainArmHydraulic2" referencePoint="mainArmHydraulic2Ref" referenceFrame="mainArmHydraulic2Ref">
                <translatingPart node="mainArmHydraulic2Punch"/>
            </movingPart>
            <movingPart node="attacherArm" referencePoint="attacherArmRef" localReferencePoint="attacherArmPart" referenceFrame="attacherArmRefFrame">
                <dependentPart node="attacherArmPart"/>
                <dependentPart node="hydraulicAttacher"/>
            </movingPart>
            <movingPart node="attacherArmPart" referencePoint="attacherArmRef" referenceFrame="attacherArmPartRefFrame"/>
            <movingPart node="attachJointToMainArm" referenceFrame="point" moveToReferenceFrame="true"/>
            <movingPart node="hydraulicAttacher" referencePoint="hydraulicAttacherRef" referenceFrame="transPart">
                <translatingPart node="hydraulicAttacherPunch"/>
            </movingPart>
            <movingPart node="attachJointToMainArmRefFrame" referencePoint="transPart" referenceFrame="mainArm"/>

            <movingPart node="wheelFrontLeftHydraulic"  referencePoint="wheelFrontLeftHydraulicRef"  referenceFrame="t308_main_component1" isActiveDirty="true" scaleZ="true" maxUpdateDistance="50"/>
            <movingPart node="wheelFrontRightHydraulic" referencePoint="wheelFrontRightHydraulicRef" referenceFrame="t308_main_component1" isActiveDirty="true" scaleZ="true" maxUpdateDistance="50"/>
            <movingPart node="wheelBackLeftHydraulic"   referencePoint="wheelBackLeftHydraulicRef"   referenceFrame="t308_main_component1" isActiveDirty="true" scaleZ="true" maxUpdateDistance="50"/>
            <movingPart node="wheelBackRightHydraulic"  referencePoint="wheelBackRightHydraulicRef"  referenceFrame="t308_main_component1" isActiveDirty="true" scaleZ="true" maxUpdateDistance="50"/>

            <movingPart node="attacherFrameRot" referenceFrame="t308_main_component1">
                <attacherJoint jointIndices="1" />
            </movingPart>
            <movingPart node="dummyAttacherFrameRot" referenceFrame="t308_main_component1">
                <attacherJoint jointIndices="1" />
            </movingPart>
        </movingParts>

        <sounds>
            <hydraulic template="defaultHydraulicSound" />
        </sounds>

        <dashboards>
            <dashboard displayType="ROT" valueType="movingTool" node="joystick" rotAxis="1" minRot="-15" maxRot="15" axis="AXIS_FRONTLOADER_ARM"  doInterpolation="true" groups="MOTOR_ACTIVE"/>
            <dashboard displayType="ROT" valueType="movingTool" node="joystick" rotAxis="3" minRot="-15" maxRot="15" axis="AXIS_FRONTLOADER_TOOL" doInterpolation="true" groups="MOTOR_ACTIVE"/>
        </dashboards>
    </cylindered>

    <fillUnit>
        <fillUnitConfigurations>
            <fillUnitConfiguration>
                <fillUnits>
                    <fillUnit unitTextOverride="$l10n_unit_literShort" showOnHud="false" showInShop="false" fillTypes="METHANE" capacity="80">
                        <dashboard displayType="ANIMATION" valueType="fillLevel" animName="fuelDisplay" groups="MOTOR_ACTIVE"/>
                    </fillUnit>
                    <fillUnit unitTextOverride="$l10n_unit_literShort" showOnHud="false" showInShop="false" showOnInfoHud="false" fillTypes="air" capacity="2000" />
                </fillUnits>
            </fillUnitConfiguration>
        </fillUnitConfigurations>
    </fillUnit>

    <honk>
        <sound template="HONK_KRAMER" linkNode="t308_main_component1" />
    </honk>

    <dashboard>
        <groups>
            <group name="MOTOR_ACTIVE"   isMotorStarting="true" isMotorRunning="true"/>
        </groups>
        <default>
            <dashboard displayType="EMITTER" node="dashboardDisplay" idleValue="-1" intensity="0.3" groups="MOTOR_ACTIVE" />
        </default>
    </dashboard>

    <ai>
        <agent width="2.02" length="4.5" height="2.15" lengthOffset="0.48" frontOffset="1.49" />
        <collisionTrigger node="aiCollisionTrigger" width="2.4" height="2.2"/>
    </ai>

    <foliageBending>
        <bendingNode minX="-0.95" maxX="0.95" minZ="-2.6" maxZ="1.6" yOffset="0.5" />
        <bendingNode minX="-0.55" maxX="0.55" minZ="-0.5" maxZ="0.2" yOffset="-0.2" node="dummyAttacherFrameRot" />
    </foliageBending>

    <baseMaterial>
        <material name="t308_mat" baseNode="t308_vis">
            <shaderParameter name="colorMat1" value="KRAMER_GREY2"/>
            <shaderParameter name="colorMat0" value="KRAMER_GREEN"/>
            <shaderParameter name="colorMat4" value="KRAMER_RED"/>
        </material>
    </baseMaterial>
	
    <baseMaterialConfigurations useDefaultColors="false">
        <baseMaterialConfiguration name="$l10n_ui_colorGreen"    color="KRAMER_GREEN"      price="0" />
        <baseMaterialConfiguration name="$l10n_ui_colorBlack"   color="0.02 0.02 0.02" price="0"/>
        <baseMaterialConfiguration name="$l10n_ui_colorYellow" color="0.797 0.592 0.003" price="0"/>
        <baseMaterialConfiguration name="$l10n_ui_colorOrange" color="FENDT_ORANGE1"     price="0"/>
        <baseMaterialConfiguration name="$l10n_ui_colorGrey"   color="SHARED_GREY5"      price="0"/>
        <material name="t308_mat" shaderParameter="colorMat0" />
    </baseMaterialConfigurations>

    <wearable wearDuration="480" workMultiplier="5" fieldMultiplier="2"/>
    <washable dirtDuration="90" washDuration="1" workMultiplier="3" fieldMultiplier="2"/>

    <i3dMappings>
        <i3dMapping id="t308_main_component1" node="0>" />
        <i3dMapping id="t308_vis" node="0>0" />
        <i3dMapping id="axisFrontLeft" node="0>1|0" />
        <i3dMapping id="wheelFrontLeft" node="0>1|0|0" />
        <i3dMapping id="wheelFrontLeftHydraulic" node="0>1|0|1" />
        <i3dMapping id="axisFrontRight" node="0>1|1" />
        <i3dMapping id="wheelFrontRight" node="0>1|1|0" />
        <i3dMapping id="wheelFrontRightHydraulic" node="0>1|1|1" />
        <i3dMapping id="axisBackLeft" node="0>1|2" />
        <i3dMapping id="wheelBackLeft" node="0>1|2|0" />
        <i3dMapping id="wheelBackLeftHydraulic" node="0>1|2|1" />
        <i3dMapping id="axisBackRight" node="0>1|3" />
        <i3dMapping id="wheelBackRight" node="0>1|3|0" />
        <i3dMapping id="wheelBackRightHydraulic" node="0>1|3|1" />
        <i3dMapping id="outdoorCameraTarget" node="0>2|0" />
        <i3dMapping id="outdoorCamera" node="0>2|0|0" />
        <i3dMapping id="indoorCamera" node="0>2|1" />
        <i3dMapping id="cameraRaycastNode1" node="0>2|2" />
        <i3dMapping id="cameraRaycastNode2" node="0>2|3" />
        <i3dMapping id="cameraRaycastNode3" node="0>2|4" />
        <i3dMapping id="shadowFocusBox" node="0>2|5" />
        <i3dMapping id="workingLightSquare_04_01" node="0>3|0|0" />
        <i3dMapping id="workingLightSquare_04_02" node="0>3|0|1" />
        <i3dMapping id="workingLightSquare_04_03" node="0>3|0|2" />
        <i3dMapping id="workingLightSquare_04_04" node="0>3|0|3" />
        <i3dMapping id="backlightsStatic" node="0>3|1|0" />
        <i3dMapping id="backightsStaticGlass" node="0>3|1|1" />
        <i3dMapping id="frontlightStatic" node="0>3|1|2" />
        <i3dMapping id="frontlightStaticGlass" node="0>3|1|3" />
        <i3dMapping id="turnlightLeftStaticGlass" node="0>3|1|4" />
        <i3dMapping id="turnlightRightStaticGlass" node="0>3|1|5" />
        <i3dMapping id="turnlightLeftStatic" node="0>3|1|6" />
        <i3dMapping id="turnlightRightStatic" node="0>3|1|7" />
        <i3dMapping id="frontLightLow" node="0>3|2|0" />
        <i3dMapping id="highBeamLow" node="0>3|2|1" />
        <i3dMapping id="frontLightHigh" node="0>3|2|2" />
        <i3dMapping id="highBeamHigh" node="0>3|2|3" />
        <i3dMapping id="workLightFrontLow" node="0>3|3|0" />
        <i3dMapping id="workLightBackLow" node="0>3|3|1" />
        <i3dMapping id="workLightBackHigh" node="0>3|3|2" />
        <i3dMapping id="workLightFrontHigh" node="0>3|3|3" />
        <i3dMapping id="backLightsHigh" node="0>3|4|0" />
        <i3dMapping id="turnLightLeftFront" node="0>3|5|0" />
        <i3dMapping id="turnLightRightFront" node="0>3|5|1" />
        <i3dMapping id="beaconLight" node="0>3|6|0" />
        <i3dMapping id="lights" node="0>3|7|0" />
        <i3dMapping id="seat" node="0>4|0" />
        <i3dMapping id="playerSkin" node="0>4|0|0" />
        <i3dMapping id="steeringWheel" node="0>4|1|0" />
        <i3dMapping id="playerLeftHandTargetRotation" node="0>4|1|0|0|0" />
        <i3dMapping id="playerLeftHandTarget" node="0>4|1|0|0|0|0" />
        <i3dMapping id="joystick" node="0>4|2|0" />
        <i3dMapping id="playerRightHandTarget" node="0>4|2|0|0" />
        <i3dMapping id="playerLeftFootTarget" node="0>4|3" />
        <i3dMapping id="playerRightFootTarget" node="0>4|4" />
        <i3dMapping id="wiperFront1Rot" node="0>4|5|0|0" />
        <i3dMapping id="wiperFront1Arm" node="0>4|5|0|0|0" />
        <i3dMapping id="wiperFront1" node="0>4|5|0|0|0|0|0" />
        <i3dMapping id="wiperFront1TopArm" node="0>4|5|0|0|0|0|0|0" />
        <i3dMapping id="wiperFront1Top" node="0>4|5|0|0|0|0|0|0|0" />
        <i3dMapping id="wiperFront2Rot" node="0>4|5|0|1" />
        <i3dMapping id="wiperFront2Arm" node="0>4|5|0|1|0" />
        <i3dMapping id="wiperBackArmRot" node="0>4|5|1|0" />
        <i3dMapping id="wiperBackArm" node="0>4|5|1|0|0" />
        <i3dMapping id="wiperBack" node="0>4|5|1|0|0|0" />
        <i3dMapping id="gasPedal" node="0>4|6|0" />
        <i3dMapping id="playerRightFootTargetGasRef" node="0>4|6|0|0" />
        <i3dMapping id="playerRightFootTargetGas" node="0>4|6|1" />
        <i3dMapping id="brakePedal" node="0>4|6|2" />
        <i3dMapping id="playerRightFootTargetBrake" node="0>4|6|2|0" />
        <i3dMapping id="exitPoint" node="0>5" />
        <i3dMapping id="trailerAttacherJointTrans" node="0>6|0" />
        <i3dMapping id="trailerAttacherJointBack" node="0>6|0|0" />
        <i3dMapping id="mainArm" node="0>6|1" />
        <i3dMapping id="transPart" node="0>6|1|0" />
        <i3dMapping id="attacherFrameRot" node="0>6|1|0|0" />
        <i3dMapping id="attacherFrame" node="0>6|1|0|0|0" />
        <i3dMapping id="attacherArmRef" node="0>6|1|0|0|0|0" />
        <i3dMapping id="attacherJointTools_visual" node="0>6|1|0|0|0|1" />
        <i3dMapping id="attacherArm" node="0>6|1|0|1" />
        <i3dMapping id="attacherArmPart" node="0>6|1|0|1|0" />
        <i3dMapping id="hydraulicAttacherRef" node="0>6|1|0|1|1" />
        <i3dMapping id="hydraulicAttacher" node="0>6|1|0|2" />
        <i3dMapping id="hydraulicAttacherPunch" node="0>6|1|0|2|0" />
        <i3dMapping id="attacherArmRefFrame" node="0>6|1|0|3" />
        <i3dMapping id="attacherArmPartRefFrame" node="0>6|1|0|4" />
        <i3dMapping id="mainArmHydraulicRef" node="0>6|1|2" />
        <i3dMapping id="mainArmHydraulic2Ref" node="0>6|1|3" />
        <i3dMapping id="attachJointToMainArmRefFrame" node="0>6|1|4" />
        <i3dMapping id="point" node="0>6|1|6" />
        <i3dMapping id="dummyMainArm" node="0>6|2" />
        <i3dMapping id="dummyArmPart" node="0>6|2|0" />
        <i3dMapping id="dummyAttacherFrameRot" node="0>6|2|0|0" />
        <i3dMapping id="dummyAttacherFrame" node="0>6|2|0|0|0" />
        <i3dMapping id="attacherJointTools" node="0>6|2|0|0|0|0" />
        <i3dMapping id="attachJointToMainArm" node="0>6|3|0|0" />
        <i3dMapping id="aiCollisionTrigger" node="0>7|0" />
        <i3dMapping id="exhausParticles" node="0>8|0" />
        <i3dMapping id="steeringBarFront" node="0>9|0" />
        <i3dMapping id="wheelFrontLeftHydraulicRef" node="0>9|0|0" />
        <i3dMapping id="wheelFrontRightHydraulicRef" node="0>9|0|1" />
        <i3dMapping id="hydraulicSteeringBack" node="0>9|1" />
        <i3dMapping id="wheelBackLeftHydraulicRef" node="0>9|1|0" />
        <i3dMapping id="wheelBackRightHydraulicRef" node="0>9|1|1" />
        <i3dMapping id="mainArmHydraulic" node="0>9|2" />
        <i3dMapping id="mainArmHydraulicPunch" node="0>9|2|0" />
        <i3dMapping id="mainArmHydraulic2" node="0>9|3" />
        <i3dMapping id="mainArmHydraulic2Punch" node="0>9|3|0" />
        <i3dMapping id="mirrorLeftDecal" node="0>10|0" />
        <i3dMapping id="mirrorRightDecal" node="0>10|1" />
        <i3dMapping id="fuelIndicator01" node="0>11|0|0" />
        <i3dMapping id="fuelIndicator02" node="0>11|0|1" />
        <i3dMapping id="fuelIndicator03" node="0>11|0|2" />
        <i3dMapping id="fuelIndicator04" node="0>11|0|3" />
        <i3dMapping id="fuelIndicator05" node="0>11|0|4" />
        <i3dMapping id="fuelIndicator06" node="0>11|0|5" />
        <i3dMapping id="fuelIndicator07" node="0>11|0|6" />
        <i3dMapping id="fuelIndicator08" node="0>11|0|7" />
        <i3dMapping id="fuelIndicator09" node="0>11|0|8" />
        <i3dMapping id="tempIndicator01" node="0>11|1|0" />
        <i3dMapping id="tempIndicator02" node="0>11|1|1" />
        <i3dMapping id="tempIndicator03" node="0>11|1|2" />
        <i3dMapping id="tempIndicator04" node="0>11|1|3" />
        <i3dMapping id="tempIndicator05" node="0>11|1|4" />
        <i3dMapping id="tempIndicator06" node="0>11|1|5" />
        <i3dMapping id="tempIndicator07" node="0>11|1|6" />
        <i3dMapping id="tempIndicator08" node="0>11|1|7" />
        <i3dMapping id="tempIndicator09" node="0>11|1|8" />
        <i3dMapping id="numbersSpeed" node="0>14|0" />
        <i3dMapping id="numbersRpm" node="0>11|3" />
        <i3dMapping id="dashboardDisplay" node="0>11|5" />
        <i3dMapping id="wheelChock" node="0>12|0" />
        <i3dMapping id="cabinDecalLight" node="0>12|9" />
    </i3dMappings>
</vehicle>
