﻿<?xml version="1.0" encoding="utf-8" standalone="no"?>
<modDesc descVersion="61">
    <author>EY Modding</author>
    <version>1.0.0.0</version>
    <iconFilename>modIcon.dds</iconFilename>
    <title>
        <en>Lizard PH Mini Sugar Beet Harvester</en>
        <de>Lizard PH Mini Zuckerrüben Erntemaschine</de>
    </title>

    <description>
   <en><![CDATA[
-Required Hp: 50
-Working Width: 1 M
-Price: 8000 $
-Speed Limit: 10 KM/H
]]></en>
        <de><![CDATA[
-Erforderliche PS: 50
-Arbeitsbreite: 1 M
-Preis: 8000 €
-Erlaubte Höchstgeschwindigkeit: 10 KM/H
]]></de>
    </description>

    <multiplayer supported="true"/>

    <storeItems>
        <storeItem xmlFilename="sokser.xml"/>
    </storeItems>
</modDesc>
