﻿<?xml version="1.0" encoding="utf-8" standalone="no" ?>
<vehicle type="attachableCombineCutterFruitPreparer">
    <annotation>Copyright (C) GIANTS Software GmbH, All Rights Reserved.</annotation>
    <storeData>
        <name>PH Mini</name>
        <functions>
            <function>$l10n_function_combine</function>
        </functions>
        <specs/>
        <rotation>0</rotation>
        <image>store_PHMini.dds</image>
        <price>8000</price>
        <lifetime>600</lifetime>
        <brand>LIZARD</brand>
        <category>beetHarvesting</category>
        <vertexBufferMemoryUsage>790016</vertexBufferMemoryUsage>
        <indexBufferMemoryUsage>125184</indexBufferMemoryUsage>
        <textureMemoryUsage>2359296</textureMemoryUsage>
        <audioMemoryUsage>0</audioMemoryUsage>
        <instanceVertexBufferMemoryUsage>0</instanceVertexBufferMemoryUsage>
        <instanceIndexBufferMemoryUsage>0</instanceIndexBufferMemoryUsage>
    </storeData>
    <base>
        <typeDesc>$l10n_typeDesc_harvester</typeDesc>
        <filename>sokser.i3d</filename>
        <size width="2.5" length="3"/>
        <speedLimit value="10"/>
        <components>
            <component centerOfMass="0 0.26 0" solverIterationCount="10" mass="400"/>
            <component centerOfMass="0 0 0.1" solverIterationCount="10" mass="300"/>
            <joint component1="1" component2="2" node="0>0|2" rotLimit="1 0 0" transLimit="0 0 0"/>
        </components>
        <schemaOverlay attacherJointPosition="0 0" name="IMPLEMENT" />
    </base>

    <wheels>
        <wheelConfigurations>
            <wheelConfiguration name="$l10n_configuration_valueDefault" price="0">
                <wheels>
                    <wheel isLeft="true">
                        <physics restLoad="0.2" repr="1>1|0" mass="0.1" radius="0.25" width="0.2" forcePointRatio="0.2" initialCompression="20" suspTravel="0.1" spring="40" damper="20"/>
                        <tire isCareWheel="true"/>
                    </wheel>
                    <wheel isLeft="false">
                        <physics restLoad="0.2" repr="1>1|1" mass="0.1" radius="0.25" width="0.2" forcePointRatio="0.2" initialCompression="20" suspTravel="0.1" spring="40" damper="20"/>
                        <tire isCareWheel="true"/>
                    </wheel>
                </wheels>
            </wheelConfiguration>
        </wheelConfigurations>
    </wheels>

    <speedRotatingParts>
        <speedRotatingPart node="0>0|4|0|0" radius="0.25" groundReferenceNodeIndex="1"/>
        <speedRotatingPart node="0>0|4|0|1" radius="0.25" groundReferenceNodeIndex="1"/>
        <speedRotatingPart node="0>0|4|2" radius="0.25" groundReferenceNodeIndex="1"/>
        <speedRotatingPart node="0>0|4|3" radius="0.25" groundReferenceNodeIndex="1"/>
        <speedRotatingPart node="0>0|1|5|0|0" radius="0.75" groundReferenceNodeIndex="1" foldMinLimit="0" foldMaxLimit="0.5"/>
        <speedRotatingPart node="0>0|1|5|1|0|0" radius="0.75" groundReferenceNodeIndex="1" foldMinLimit="0" foldMaxLimit="0.03"/>
    </speedRotatingParts>

    <powerTakeOffs>
        <input inputNode="0>0|0|3" inputAttacherJointIndices="1"/>
    </powerTakeOffs>

    <powerConsumer ptoRpm="350" neededMaxPtoPower="9"/>

    <groundReferenceNodes>
        <groundReferenceNode node="0>0|5|0" threshold="0.1"/>
    </groundReferenceNodes>

    <workAreas>
        <workArea type="fruitPreparer" functionName="processFruitPreparerArea" disableBackwards="false">
            <area startNode="0>0|5|1|0" widthNode="0>0|5|1|1" heightNode="0>0|5|1|2"/>
            <folding minLimit="0" maxLimit="0.1"/>
            <groundReferenceNode index="1"/>
        </workArea>
        <workArea type="cutter" functionName="processCutterArea">
            <area startNode="0>0|5|2|0" widthNode="0>0|5|2|1" heightNode="0>0|5|2|2"/>
            <folding minLimit="0" maxLimit="0.1"/>
            <groundReferenceNode index="1"/>
        </workArea>
    </workAreas>

    <foldable>
        <foldingConfigurations>
            <foldingConfiguration>
        		<foldingParts startMoveDirection="1" turnOnFoldMinLimit="0" turnOnFoldMaxLimit="0.1">
            			<foldingPart animationName="folding" speedScale="1"/>
        		</foldingParts>
            </foldingConfiguration>
        </foldingConfigurations>
    </foldable>

    <attachable>
        <inputAttacherJoints>
            <inputAttacherJoint node="0>0|0|0" jointType="implement" topReferenceNode="0>0|0|1" lowerRotLimitScale="0 0 0" lowerTransLimitScale="0 0 0" upperRotationOffset="2" needsLowering="true">
                <distanceToGround lower="0.28" upper="1"/>
            </inputAttacherJoint>
        </inputAttacherJoints>
        <support animationName="moveSupport"/>
    </attachable>

    <animations>
        <animation name="folding">
            <part node="0>0|1|5|1" startTime="0" endTime="1.5" startRot="0 -41.291 5.007" endRot="116.691 -41.291 5.007"/>
            <part node="0>0|1|5" startTime="1.5" endTime="3" startRot="0 0 0" endRot="130 0 0"/>
        </animation>
        <!-- move support wheel down/up -->
        <animation name="moveSupport">
            <part node="0>0|0|2" startTime="0" endTime="0.5" startTrans="-0.376 0.9 0.3" endTrans="-0.376 0.484 0.3"/>
        </animation>
    </animations>

    <cylindered>
        <movingParts>
            <movingPart node="0>0|4" referencePoint="1>0" referenceFrame="1>0" isActiveDirty="true" maxUpdateDistance="60">
                <dependentPart node="0>0|1|0"/>
                <dependentPart node="0>0|4|1"/>
            </movingPart>
            <movingPart node="0>0|1|0" referencePoint="0>0|4|5" referenceFrame="0>0|4|5" isActiveDirty="true" maxUpdateDistance="60">
                <translatingPart node="0>0|1|0|0"/>
            </movingPart>
            <movingPart node="0>0|4|1" referencePoint="0>0|1|6" referenceFrame="0>0|1|6"/>
        </movingParts>
    </cylindered>

    <fillUnit>
        <fillUnitConfigurations>
            <fillUnitConfiguration>
                <fillUnits>
                    <fillUnit unitTextOverride="$l10n_unit_literShort" fillTypes="sugarBeet" capacity="100" showInShop="false" showOnHud="false"/>
                </fillUnits>
            </fillUnitConfiguration>
        </fillUnitConfigurations>
    </fillUnit>

    <combine allowThreshingDuringRain="true">
        <fillEffect>
            <effectNode effectNode="0>0|6|0" effectClass="ParticleEffect" particleType="SOIL_HARVESTING"/>
            <effectNode effectNode="0>0|6|1" effectClass="ParticleEffect" particleType="CLEANING_SOIL" emitCountScale="0.2" worldSpace="false"/>
            <effectNode effectNode="0>0|6|2" effectClass="ParticleEffect" particleType="CLEANING_DUST"/>
        </fillEffect>
        <animationNodes>
            <animationNode node="0>0|1|1" rotSpeed="650" rotAxis="3" turnOnFadeTime="1" turnOffFadeTime="3"/>
            <animationNode node="0>0|1|2" rotSpeed="1250" rotAxis="3" turnOnFadeTime="1" turnOffFadeTime="3"/>
            <animationNode node="0>0|1|3" rotSpeed="-1250" rotAxis="3" turnOnFadeTime="1" turnOffFadeTime="3"/>
            <animationNode node="0>0|1|4" rotSpeed="1250" rotAxis="3" turnOnFadeTime="1" turnOffFadeTime="3"/>
        </animationNodes>
    </combine>

    <turnOnVehicle turnOffIfNotAllowed="true">
        <sounds>
            <start template="HARVESTER_TOOL_GRIMME_START" linkNode="0>"/>
            <work template="HARVESTER_TOOL_GRIMME_WORK" linkNode="0>"/>
            <stop template="HARVESTER_TOOL_GRIMME_STOP" linkNode="0>"/>
        </sounds>
    </turnOnVehicle>

    <cutter fruitTypes="sugarBeet" ignoreCollisionMask="true"/>

    <fruitPreparer fruitType="sugarBeet">
        <sounds>
            <work template="DEFOLIATOR_01" linkNode="0>"/>
        </sounds>
    </fruitPreparer>

    <dischargeable>
        <dischargeNode node="0>0|7" emptySpeed="100" fillUnitIndex="1" stopDischargeOnEmpty="false" maxDistance="15">
            <effects>
                <effectNode effectNode="0>0|6|3"  effectClass="MorphPositionEffect" materialType="belt" delay="0" fadeTime="1" speed="0.9" scrollLength="1" scrollSpeed="1"/>
            </effects>
        </dischargeNode>
    </dischargeable>

    <pipe>
        <unloadingTriggers>
            <unloadingTrigger node="0>0|8"/>
        </unloadingTriggers>
        <states num="1" unloading="1"/>
    </pipe>

    <ai>
        <needsLowering value="true"/>
        <collisionTrigger node="0>0|3|0" width="2.5" height="2.5"/>
        <areaMarkers leftNode="0>0|5|3|0" rightNode="0>0|5|3|1" backNode="0>0|5|3|2"/>
        <sizeMarkers leftNode="0>0|5|4|0" rightNode="0>0|5|4|1" backNode="0>0|5|4|2"/>
    </ai>

    <foliageBending>
        <bendingNode minX="-0.6" maxX="0.6" minZ="-1.1" maxZ="1" yOffset="0.1"/>
        <bendingNode minX="-0.1" maxX="0.8" minZ="-1" maxZ="0" yOffset="-0.5" node="0>0|1|5|1"/>
    </foliageBending>

    <wearable wearDuration="480" workMultiplier="5" fieldMultiplier="2"/>
    <washable dirtDuration="90" washDuration="1" workMultiplier="2" fieldMultiplier="2"/>
</vehicle>
