<?xml version="1.0" encoding="utf-8" standalone="no" ?>
<modDesc descVersion="61">
    <author>Vollmer</author>
    <version>1.0.0.0</version>
    <title>
        <en>Placeable Silos</en>
        <de>Platzierbare Silos</de>
    </title>
    <description>
        <en><![CDATA[Silos with 35.000 liters of capacity.
Contains:
- Silo for Fertilizer
- Silo for Seeds

Price: 10.000 €
]]></en>
        <de><![CDATA[Silos mit 35.000 Litern Fassungsvermögen.
Enthält:
- Silo for Fertilizer
- Silo for Seeds

Preis: 10.000 €
]]></de>
    </description>
    <iconFilename>icon_silos_placeable.png</iconFilename>
    <multiplayer supported="true"/>
    <storeItems>
        <storeItem xmlFilename="xmlFilename/siloSeeds.xml"/>
        <storeItem xmlFilename="xmlFilename/siloFertilizer.xml"/>
    </storeItems>
</modDesc>