﻿<?xml version="1.0" encoding="utf-8" standalone="no" ?>
<modDesc descVersion="63">
    <author>Kasztan18</author>
    <version>1.0.0.0</version>

    <title>
        <en>MAN TGX 18.500 4x2</en>
    </title>

	<description>
		<en><![CDATA[
MAN TGX 18 Semi truck
Price: $120000
Horsepower: 500 HP]]>
        </en>
        <de><![CDATA[
MAN TGX 18 Sattelschlepper
Preis: €120000
Leistung: 500 PS]]>
        </de>
	</description>

    <iconFilename>tgx18500_icon.png</iconFilename>
    <multiplayer supported="true"/>

   	<l10n>
		<text name="Black"> 
		    <en>Black</en>
			<de>Schwarz</de>
            <pl>Czarny</pl>	
		</text>
		<text name="Gray"> 
		    <en>Gray</en>
			<de>Grau</de>
            <pl>Siwy</pl>	
		</text>
		<text name="fenders"> 
		    <en>Fenders</en>
			<de>Kotflügel</de>
            <pl>Błotniki</pl>	
		</text>
		<text name="type1"> 
		    <en>Type 1</en>
			<de>Typ 1</de>
            <pl>Typ 1</pl>	
		</text>
		<text name="type2"> 
		    <en>Type 2</en>
			<de>Typ 2</de>
            <pl>Typ 2</pl>	
		</text>
		<text name="spoiler"> 
		    <en>Spoiler</en>
			<de>Spoiler</de>
            <pl>Spoiler</pl>	
		</text>
		<text name="spoiler1"> 
		    <en>The fairings</en>
			<de>Die Verkleidungen</de>
            <pl>Owiewki</pl>	
		</text>
		<text name="spoiler2"> 
		    <en>The fairings and spoiler</en>
			<de>Verkleidungen und Spoiler</de>
            <pl>Spoiler i owiewki</pl>	
		</text>
	</l10n>

    <storeItems>
        <storeItem xmlFilename="tgx18500.xml"/>
    </storeItems>

</modDesc>
