﻿<?xml version="1.0" encoding="utf-8" standalone="no" ?>
<vehicle type="tractor">
    <annotation>Copyright (C) GIANTS Software GmbH, All Rights Reserved.</annotation>
    <storeData>
        <name>
            <en>TGX 18.500</en></name>
        <specs>
            <power>500</power>
            <maxSpeed>80</maxSpeed>
            <combination xmlFilename="$data/vehicles/meridian/conveyAllCST1550/conveyAllCST1550.xml"/>
            <combination xmlFilename="$data/vehicles/lizard/moduleX/moduleX.xml"/>
            <combination xmlFilename="$data/vehicles/kotte/tsa/tsa.xml"/>
            <combination xmlFilename="$data/vehicles/fliegl/timberRunner/timberRunner.xml"/>
            <combination xmlFilename="$data/vehicles/lizard/mks32/mks32.xml"/>
            <combination xmlFilename="$data/vehicles/krone/profiLiner/profiLiner.xml"/>
            <combination xmlFilename="$data/vehicles/krampe/sks30_150/sks30_150.xml"/>
        </specs>
        <functions>
            <function>$l10n_function_truck</function>
        </functions>
        <image>store_tgx18500.png</image>
        <price>120000</price>
        <lifetime>600</lifetime>
        <rotation>0</rotation>
        <brand>MAN</brand>
        <category>trucks</category>
        <shopTranslationOffset>0 0 -2</shopTranslationOffset>
        <shopRotationOffset>-0.316 0 -1.6</shopRotationOffset>
        <vertexBufferMemoryUsage>4450816</vertexBufferMemoryUsage>
        <indexBufferMemoryUsage>803328</indexBufferMemoryUsage>
        <textureMemoryUsage>4521984</textureMemoryUsage>
        <audioMemoryUsage>386881</audioMemoryUsage>
        <instanceVertexBufferMemoryUsage>0</instanceVertexBufferMemoryUsage>
        <instanceIndexBufferMemoryUsage>0</instanceIndexBufferMemoryUsage>
    </storeData>

    <base>
        <typeDesc>$l10n_typeDesc_truck</typeDesc>
        <filename>tgx18500.i3d</filename>
        <sounds filename="tgx18500Sounds.xml"/>
        <size width="3" length="7" lengthOffset="-0.5"/>
        <components>
            <component centerOfMass="0 0.3 1.35" solverIterationCount="10" mass="6900"/>
        </components>
        <schemaOverlay attacherJointPosition="0 0" name="TRUCK"/>
        <mapHotspot type="TRUCK"/>
    </base>

    <wheels>
        <wheelConfigurations>
            <wheelConfiguration name="$l10n_configuration_valueDefault" price="0" brand="CONTINENTAL" saveId="CONTINENTAL_DEFAULT">
                <wheels autoRotateBackSpeed="2.2">
                    <wheel filename="$data/shared/wheels/tires/continental/contiCrossTracHS3/385_65R22_5.xml" configId="truckTrailer03" isLeft="true"  hasTireTracks="true" hasParticles="true">
                        <physics rotSpeed="1"  restLoad="1.8" repr="axisFrontLeft"  driveNode="wheelFrontLeft"  forcePointRatio="0.5" initialCompression="25" suspTravel="0.11" spring="62" damper="50" frictionScale="3"/>
                    </wheel>
                    <wheel filename="$data/shared/wheels/tires/continental/contiCrossTracHS3/385_65R22_5.xml" configId="truckTrailer03" isLeft="false" hasTireTracks="true" hasParticles="true">
                        <physics rotSpeed="1"  restLoad="1.8" repr="axisFrontRight" driveNode="wheelFrontRight" forcePointRatio="0.5" initialCompression="25" suspTravel="0.11" spring="62" damper="50" frictionScale="3"/>
                    </wheel>
                    <wheel filename="$data/shared/wheels/tires/continental/contiHybridHD3/315_80R22_5.xml" configId="dual" isLeft="true" hasTireTracks="true" hasParticles="true">
                        <physics rotSpeed="0"  restLoad="1.1" repr="wheelRearLeft"  forcePointRatio="0.5" initialCompression="15" suspTravel="0.07" spring="78" damper="250" frictionScale="2.1" yOffset="0.003"/>
                        <additionalWheel filename="$data/shared/wheels/tires/continental/contiHybridHD3/315_80R22_5.xml" configId="dualConnector" isLeft="true" offset="0.108"/>
                    </wheel>
                    <wheel filename="$data/shared/wheels/tires/continental/contiHybridHD3/315_80R22_5.xml" configId="dual" isLeft="false" hasTireTracks="true" hasParticles="true">
                        <physics rotSpeed="0"  restLoad="1.1" repr="wheelRearRight" forcePointRatio="0.5" initialCompression="15" suspTravel="0.07" spring="78" damper="250" frictionScale="2.1" yOffset="0.003"/>
                        <additionalWheel filename="$data/shared/wheels/tires/continental/contiHybridHD3/315_80R22_5.xml" configId="dualConnector" isLeft="false" offset="0.108"/>
                    </wheel>
                </wheels>
            </wheelConfiguration>
            <wheelConfiguration name="$l10n_configuration_valueForestry" price="2000" brand="CONTINENTAL" saveId="CONTINENTAL_DEFAULT2">
                <wheels baseConfig="CONTINENTAL_DEFAULT">
                    <wheel filename="$data/shared/wheels/tires/continental/contiCrossTracHS3/385_65R22_5.xml"/>
                    <wheel filename="$data/shared/wheels/tires/continental/contiCrossTracHS3/385_65R22_5.xml"/>
                    <wheel filename="$data/shared/wheels/tires/continental/contiCrossTracHD3/315_80R22_5.xml">/>
                        <additionalWheel filename="$data/shared/wheels/tires/continental/contiCrossTracHD3/315_80R22_5.xml" offset="0.09"/>
                    </wheel>
                    <wheel filename="$data/shared/wheels/tires/continental/contiCrossTracHD3/315_80R22_5.xml">
                        <additionalWheel filename="$data/shared/wheels/tires/continental/contiCrossTracHD3/315_80R22_5.xml" offset="0.09"/>
                    </wheel>
                </wheels>
            </wheelConfiguration>
        </wheelConfigurations>
        <ackermannSteeringConfigurations>
            <ackermannSteering rotSpeed="35" rotMax="45" rotCenterWheel1="3" rotCenterWheel2="4"/>
        </ackermannSteeringConfigurations>
    </wheels>

    <dynamicallyLoadedParts>
        <dynamicallyLoadedPart node="0" linkNode="wheelChock01" filename="$data/shared/assets/wheelChocks/wheelChock03.i3d"/>
        <dynamicallyLoadedPart node="0" linkNode="wheelChock02" filename="$data/shared/assets/wheelChocks/wheelChock03.i3d"/>
    </dynamicallyLoadedParts>

    <lights>
        <states>
            <state lightTypes="0"/>
        </states>

        <realLights>
            <low>
                <light node="frontLightLow"         lightTypes="0" excludedLightTypes="2 3"/>
                <light node="highBeamLow"           lightTypes="3"/>
            </low>
            <high>
                <light node="frontLightHigh"         lightTypes="0" excludedLightTypes="2 3"/>
                <light node="highBeamHigh"           lightTypes="3"/>
                <light node="backLightsHigh1"        lightTypes="0"/>
                <brakeLight node="backLightsHigh1"/>
                <turnLightLeft node="turnLightLeftFront"/>
                <turnLightRight node="turnLightRightFront"/>
                <reverseLight node="reverseLight"/>
                <interiorLight node="interiorScreenLight"/>
            </high>
        </realLights>

        <defaultLights>
            <defaultLight shaderNode="frontlightStatic" lightTypes="0 3"/>
            <defaultLight shaderNode="frontlightStaticCabin" lightTypes="0 3"/>
            <defaultLight shaderNode="backLightStatic" lightTypes="0"/>
        </defaultLights>

        <turnLights>
            <turnLightLeft shaderNode="turnlightBackLeftStatic"/>
            <turnLightLeft shaderNode="turnlightFrontLeftStatic"/>
            <turnLightLeft shaderNode="sideLeftStatic"/>
            <turnLightRight shaderNode="turnlightBackRightStatic"/>
            <turnLightRight shaderNode="turnlightFrontRightStatic"/>
            <turnLightRight shaderNode="sideRightStatic"/>
        </turnLights>

        <brakeLights>
            <brakeLight shaderNode="brakeLightStatic"/>
        </brakeLights>

        <reverseLights>
            <reverseLight shaderNode="reverselightStatic"/>
        </reverseLights>

        <sounds>
            <switchLight template="SWITCH_01" linkNode="0>"/>
            <turnLight template="SWITCH_TURNLIGHT" linkNode="0>"/>
        </sounds>

        <dashboards>
            <dashboard displayType="EMITTER" valueType="lightState" node="cabinLightDecal" intensity="0.3" lightTypes="0" groups="MOTOR_ACTIVE"/>
            <dashboard displayType="EMITTER" valueType="turnLightLeft"  node="turnlightLeftDecal"      baseColor="BLACK" emitColor="GREEN" groups="MOTOR_ACTIVE"/>
            <dashboard displayType="EMITTER" valueType="turnLightRight" node="turnlightRightDecal"     baseColor="BLACK" emitColor="GREEN" groups="MOTOR_ACTIVE"/>
        </dashboards>
    </lights>

    <licensePlates>
        <licensePlate node="licensePlateFront" position="FRONT" preferedType="ELONGATED" placementArea="0.1 0.3 0.08 0.3"/>
        <licensePlate node="licensePlateBack"  position="BACK"  preferedType="ELONGATED" placementArea="0.08 0.28 0.15 0.28"/>
    </licensePlates>
	
    <connectionHoses>
        <target attacherJointIndices="1" type="airDoubleRed" node="airDoubleStoragePoint">
            <objectChange node="cabRed" rotationActive="-16.325 0 0" rotationInactive="-95 0 0"/>
        </target>
        <target attacherJointIndices="1" type="airDoubleYellow" node="airDoubleControlPoint">
            <objectChange node="cabYellow" rotationActive="-16.325 0 0" rotationInactive="-95 0 0"/>
        </target>
        <target attacherJointIndices="1" type="hydraulicIn" node="hydraulic04_inPoint">
            <objectChange node="cab04In" rotationActive="0 95 0" rotationInactive="0 0 0"/>
        </target>
        <target attacherJointIndices="1" type="hydraulicOut" node="hydraulic04_outPoint">
            <objectChange node="cab04Out" rotationActive="0 95 0" rotationInactive="0 0 0"/>
        </target>
        <target attacherJointIndices="1" type="electric" node="electricPoint">
            <objectChange node="cabElectric" rotationActive="0 0 0" rotationInactive="-90 0 0"/>
        </target>
    </connectionHoses>

    <attacherJoints>
        <attacherJoint node="semitrailerAttacherJoint" jointType="semitrailer" allowsJointLimitMovement="false" allowsLowering="false" lowerRotLimit="12 125 12">
            <schema position="1 0" rotation="0" invertX="false"/>
        </attacherJoint>
    </attacherJoints>

    <enterable isTabbable="true">
        <enterReferenceNode node="tgx18500_component1"/>
        <exitPoint node="exitPoint"/>
        <cameras>
            <camera node="outdoorCamera1" rotatable="true" rotateNode="outdoorCameraTarget" limit="true" useWorldXZRotation="true" rotMinX="-1.4" rotMaxX="1" transMin="6.75" transMax="40" translation="0 0 11" rotation="-10 179.9 0">
                <raycastNode node="cameraRaycastNode1"/>
                <raycastNode node="cameraRaycastNode2"/>
                <raycastNode node="cameraRaycastNode3"/>
            </camera>
            <camera node="indoorCamera1" rotatable="true" limit="true" rotMinX="-1.1" rotMaxX="0.4" transMin="0" transMax="0" useMirror="true" isInside="true" shadowFocusBox="shadowFocusBox"/>
        </cameras>
	
        <characterNode node="playerSkin" cameraMinDistance="1.5" spineRotation="-90 0 90">
            <target ikChain="rightFoot" targetNode="playerRightFootTarget"/>
            <target ikChain="leftFoot" targetNode="playerLeftFootTarget"/>
            <target ikChain="rightArm" targetNode="playerRightHandTarget"/>
            <target ikChain="leftArm" targetNode="playerLeftHandTarget"/>
        </characterNode>
	
        <characterTargetNodeModifier node="playerRightFootTarget" transitionTime="0.1">
            <state node="playerRightFootTargetGas" referenceNode="gasPedal" directionReferenceNode="playerRightFootTargetGasRef"/>
            <state node="playerRightFootTargetBrake" referenceNode="brakePedal" directionReferenceNode="playerRightFootTargetBrakeRef"/>
        </characterTargetNodeModifier>
	
        <mirrors>
            <mirror node="mirrorDecal01" prio="2"/>
            <mirror node="mirrorDecal02" prio="2"/>
            <mirror node="mirrorDecal03" prio="1"/>
            <mirror node="mirrorDecal04" prio="1"/>
            <mirror node="mirrorDecal05" prio="2"/>
        </mirrors>
    </enterable>

    <motorized>
        <consumerConfigurations>
            <consumerConfiguration>
                <consumer fillUnitIndex="1" usage="192" fillType="diesel"/>
                <!-- usage is per hour at max load and max rpm -->
                <consumer fillUnitIndex="2" usage="300" fillType="air" permanentConsumption="false" refillLitersPerSecond="350" refillCapacityPercentage="0.5"/>
                <!-- usage per second at full brake power -->
            </consumerConfiguration>
        </consumerConfigurations>
	
        <differentialConfigurations>
            <differentialConfiguration>
                <differentials>
                    <differential torqueRatio="0.5" maxSpeedRatio="1.5" wheelIndex1="1" wheelIndex2="2"/> <!-- front 1-2 -->
                    <differential torqueRatio="0.5" maxSpeedRatio="1.7" wheelIndex1="3" wheelIndex2="4"/> <!-- back 3-4 -->
                    <differential torqueRatio="0.5" maxSpeedRatio="1.5" differentialIndex1="1" differentialIndex2="2"/> <!-- front-back -->
                </differentials>
            </differentialConfiguration>
        </differentialConfigurations>
	
        <motorConfigurations>
            <motorConfiguration name="TGX 18.500" hp="500" price="0">
                <motor torqueScale="2.4" minRpm="850" maxRpm="2200" maxForwardSpeed="83" maxBackwardSpeed="15" brakeForce="6" lowBrakeForceScale="0.22" rotInertia="0.006">
                    <torque rpm="850" torque="0.9"/>
                    <torque rpm="1000" torque="1"/>
                    <torque rpm="1450" torque="1"/>
                    <torque rpm="1900" torque="0.75"/>
                    <torque rpm="2200" torque="0.63"/>
                    <torque rpm="2500" torque="0.2"/>
                </motor>
                <transmission autoGearChangeTime="0.5" gearChangeTime="0.4" axleRatio="10" startGearThreshold="1.0" name="$l10n_info_transmission_manual">
                    <directionChange useGear="true" useGroup="false" changeTime="0.5"/>
                    <forwardGear gearRatio="12.92" />
                    <forwardGear gearRatio="9.98"/>
                    <forwardGear gearRatio="7.69"/>
                    <forwardGear gearRatio="5.94"/>
                    <forwardGear gearRatio="4.57"/>
                    <forwardGear gearRatio="3.53"/>
                    <forwardGear gearRatio="2.83"/>
                    <forwardGear gearRatio="2.19"/>
                    <forwardGear gearRatio="1.68"/>
                    <forwardGear gearRatio="1.30" />
                    <forwardGear gearRatio="1.00" />
                    <forwardGear gearRatio="0.77"  />
                    <backwardGear gearRatio="12.03" name="R1"/>
                    <backwardGear gearRatio="9.29" name="R2"/>
                    <backwardGear gearRatio="6.64" name="R3"/>
                    <backwardGear gearRatio="4.04" name="R4"/>
                </transmission>
            </motorConfiguration>
        </motorConfigurations>
		
        <motorStartDuration>3300</motorStartDuration>
	
        <dashboards>
            <dashboard displayType="ANIMATION" valueType="speed" animName="speedDisplay" minValueAnim="0" maxValueAnim="125" groups="MOTOR_ACTIVE"/>
            <dashboard displayType="ANIMATION" valueType="motorTemperature" animName="tempDisplay" minValueAnim="0" maxValueAnim="120" groups="MOTOR_ACTIVE"/>
            <dashboard displayType="ANIMATION" valueType="rpm" animName="rpmDisplay" minValueAnim="500" maxValueAnim="3000" groups="MOTOR_ACTIVE"/>
        </dashboards>
    </motorized>

    <drivable>
        <steeringWheel node="steeringWheel" indoorRotation="360" outdoorRotation="35"/>
        <dashboards>
            <dashboard displayType="ROT" valueType="decelerationAxis" node="brakePedal" minRot="0 0 0" maxRot="-15 0 0" doInterpolation="true" groups="MOTOR_ACTIVE"/>
            <dashboard displayType="ROT" valueType="accelerationAxis" node="gasPedal" minRot="0 0 0" maxRot="-15 0 0" doInterpolation="true" groups="MOTOR_ACTIVE"/>
        </dashboards>
    </drivable>

    <fillUnit>
        <fillUnitConfigurations>
            <fillUnitConfiguration>
                <fillUnits>
                    <fillUnit unitTextOverride="$l10n_unit_literShort" showOnHud="false" showInShop="false" fillTypes="diesel" capacity="900">
                        <dashboard displayType="ANIMATION" valueType="fillLevel" animName="fuelDisplay" groups="MOTOR_ACTIVE"/>
                    </fillUnit>
                    <fillUnit unitTextOverride="$l10n_unit_literShort" showOnHud="false" showInShop="false" showOnInfoHud="false" fillTypes="air" capacity="4000">
                        <dashboard displayType="ANIMATION" valueType="fillLevel" animName="airDisplay" groups="MOTOR_ACTIVE"/>
                    </fillUnit>
                </fillUnits>
            </fillUnitConfiguration>
        </fillUnitConfigurations>
    </fillUnit>

    <animations>
        <animation name="tempDisplay">
            <part node="tempNeedle" startTime="0" endTime="1" startRot="0 0 0" endRot="0 0 50"/>
        </animation>
        <animation name="fuelDisplay">
            <part node="fuelNeedle" startTime="0" endTime="1" startRot="0 0 0" endRot="0 0 51"/>
        </animation>
        <animation name="rpmDisplay">
            <part node="rpmNeedle" startTime="0" endTime="1" startRot="0 0 0" endRot="0 0 223"/>
        </animation>
        <animation name="speedDisplay">
            <part node="speedNeedle" startTime="0" endTime="1" startRot="0 0 0" endRot="0 0 225"/>
        </animation>
        <animation name="airDisplay">
            <part node="airNeedle01" startTime="0" endTime="0.6" startRot="0 0 0" endRot="0 0 50"/>
            <part node="airNeedle02" startTime="0.4" endTime="1" startRot="0 0 0" endRot="0 0 50"/>
        </animation>
        <animation name="wiperAnimation">
            <part node="wiper01" startTime="0" endTime="1" startRot="0 0 0"    endRot="0 -2 -90"/>
            <part node="wiper02" startTime="0" endTime="1" startRot="0 0 0"    endRot="0 4 -90"/>
            <sound template="wiper1" startTime="0" endTime="1" direction="1"  volumeScale="1.0" pitchScale="0.9" fadeOut="0.1" linkNode="wiper01"/>
            <sound template="wiper2" startTime="0" endTime="1" direction="-1" volumeScale="1.0" pitchScale="0.9" fadeOut="0.1" linkNode="wiper01"/>
        </animation>
    </animations>

    <wipers>
        <wiper animName="wiperAnimation">
            <state animSpeed="0.75" animPause="2.0"/>
            <state animSpeed="0.75" animPause="0.0"/>
            <state animSpeed="1.10" animPause="0.0"/>
        </wiper>
    </wipers>
	
    <cylindered>
        <movingTools>
            <movingTool node="most" playSound="true" wheelIndices="3 4">
                <translation transSpeed="0.2" transAcceleration="15" transMax="0.058" transMin="-0.1" translationAxis="2"/>
                <controls axis="AXIS_FRONTLOADER_ARM" invertAxis="false" mouseSpeedFactor="0.8" iconName="FORKLIFT_TRANSLATE_Y" />
            </movingTool>
        </movingTools>
        <movingParts>
            <movingPart node="steeringBar" referencePoint="steeringBarRef" referenceFrame="steeringBarRef" isActiveDirty="true" maxUpdateDistance="40"/>
        </movingParts>
        <sounds>
            <hydraulic file="$data/sounds/tools/sowing/air_blower_loop.wav" linkNode="tgx18500_component1"/>
        </sounds>
    </cylindered>

    <suspensions>
        <suspension node="cabin" weight="400" minRotation="-7 0 -7" maxRotation="7 0 7" suspensionParametersX="120 10" suspensionParametersZ="120 10"/>
        <suspension node="seat" weight="150" minTranslation="-0.05 -0.15 0.0" maxTranslation="0.05 0.15 0.0" suspensionParametersX="20 4" suspensionParametersY="5 1" suspensionParametersZ="20 4"/>
        <suspension useCharacterTorso="true" weight="90" minRotation="0 -5 -5" maxRotation="0 5 5" suspensionParametersY="7 1" suspensionParametersZ="7 1"/>
    </suspensions>

    <ai>
        <agent width="3.35" length="6" height="3" lengthOffset="0.9" frontOffset="4.616"/>
        <collisionTrigger node="aiCollisionTrigger" width="3.2" height="3.0"/>
    </ai>

    <foliageBending>
        <bendingNode minX="-1.35" maxX="1.35" minZ="-1.4" maxZ="4.7" yOffset="0.5"/>
    </foliageBending>

    <dashboard>
        <groups>
            <group name="MOTOR_STARTING" isMotorStarting="true"/>
            <group name="MOTOR_ACTIVE" isMotorStarting="true" isMotorRunning="true"/>
        </groups>
        <default>
            <dashboard displayType="EMITTER" node="dashboardDisplayDecal" idleValue="-1" intensity="0.3" groups="MOTOR_ACTIVE"/>
        </default>
    </dashboard>

    <baseMaterial>
        <material name="tgx18500_mat" baseNode="tgx18500_vis">
            <shaderParameter name="colorMat0" value="MAN_RED1"/>
            <shaderParameter name="colorMat7" value="MAN_RED1"/>
            <shaderParameter name="colorMat2" value="MAN_BLUE6"/>
        </material>
        <material name="addons_mat" baseNode="owiewki">
            <shaderParameter name="colorMat7" value="MAN_RED1"/>
        </material>
        <material name="przetloczenia_mat" baseNode="przetloczenia">
            <shaderParameter name="colorMat0" value="MAN_RED1"/>
        </material>
    </baseMaterial>

    <baseMaterialConfigurations price="300" useDefaultColors="true" defaultColorIndex="1">
        <baseMaterialConfiguration name="$l10n_Gray"  color="0.8 0.8 0.8"/>
        <baseMaterialConfiguration name="$l10n_Black" color="0.02 0.02 0.02"/>
        <baseMaterialConfiguration name="$l10n_Gray"  color="0.256 0.256 0.256"/>
        <material name="tgx18500_mat"      shaderParameter="colorMat0"/>
        <material name="addons_mat"        shaderParameter="colorMat7"/>
        <material name="przetloczenia_mat" shaderParameter="colorMat0"/>
    </baseMaterialConfigurations>

	<designMaterialConfigurations price="300" useDefaultColors="true" defaultColorIndex="1">
        <designMaterialConfiguration name="$l10n_Black" color="0.02 0.02 0.02" material="1"/>
        <designMaterialConfiguration name="$l10n_Gray"  color="0.256 0.256 0.256"/>
		<material name="tgx18500_mat" shaderParameter="colorMat7"/>
	</designMaterialConfigurations>	

    <designConfigurations title="$l10n_fenders">
        <designConfiguration name="$l10n_type1" price="0">
            <objectChange node="blotniki_1"  visibilityActive="true"/>
            <objectChange node="blotniki_2"  visibilityActive="false"/>
        </designConfiguration>
        <designConfiguration name="$l10n_type2" price="500">
            <objectChange node="blotniki_1"  visibilityActive="false"/>
            <objectChange node="blotniki_2"  visibilityActive="true"/>
        </designConfiguration>
    </designConfigurations>

	<vehicleTypeConfigurations title="$l10n_spoiler">
        <vehicleTypeConfiguration name="$l10n_configuration_valueNo" price="0" vehicleType="tractor">
            <objectChange node="owiewki"   visibilityActive="false" visibilityInactive="true"/>
            <objectChange node="spoiler"   visibilityActive="false" visibilityInactive="true"/>
		</vehicleTypeConfiguration>
        <vehicleTypeConfiguration name="$l10n_spoiler1" price="700" vehicleType="tractor">
            <objectChange node="owiewki"   visibilityActive="true" visibilityInactive="false"/>
            <objectChange node="spoiler"   visibilityActive="false" visibilityInactive="true"/>
		</vehicleTypeConfiguration>
        <vehicleTypeConfiguration name="$l10n_spoiler2" price="1400" vehicleType="tractor">
            <objectChange node="owiewki"   visibilityActive="true" visibilityInactive="false"/>
            <objectChange node="spoiler"   visibilityActive="true" visibilityInactive="false"/>
		</vehicleTypeConfiguration>
    </vehicleTypeConfigurations>
	
    <rimColorConfigurations useDefaultColors="false">
        <rimColorConfiguration name="$l10n_ui_colorChrome"         color="SHARED_WHITE2" material="3" price="3000"/>
        <rimColorConfiguration name="$l10n_ui_colorSilver"         color="SHARED_WHITE1" material="18" price="100"/>
        <rimColorConfiguration name="$l10n_ui_colorBlack"          color="SHARED_BLACK2" material="1" price="100"/>
    </rimColorConfigurations>

    <wearable wearDuration="480" workMultiplier="5" fieldMultiplier="2"/>
    <washable dirtDuration="90" washDuration="1" workMultiplier="3" fieldMultiplier="2"/>

    <i3dMappings>
        <i3dMapping id="tgx18500_component1" node="0>"/>
        <i3dMapping id="tgx18500_vis" node="0>0"/>
        <i3dMapping id="semitrailerAttacherJoint" node="0>0|0|0"/>
        <i3dMapping id="axisFrontLeft" node="0>0|1|0|0"/>
        <i3dMapping id="wheelFrontLeft" node="0>0|1|0|0|0|0"/>
        <i3dMapping id="steeringBar" node="0>0|1|0|0|1"/>
        <i3dMapping id="axisFrontRight" node="0>0|1|1|0"/>
        <i3dMapping id="wheelFrontRight" node="0>0|1|1|0|0|0"/>
        <i3dMapping id="steeringBarRef" node="0>0|1|1|0|1"/>
        <i3dMapping id="wheelRearLeft" node="0>0|6|0|0"/>
        <i3dMapping id="wheelRearRight" node="0>0|6|0|1"/>
        <i3dMapping id="outdoorCameraTarget" node="0>0|3|0"/>
        <i3dMapping id="outdoorCamera1" node="0>0|3|0|0"/>
        <i3dMapping id="indoorCamera1" node="0>0|3|1"/>
        <i3dMapping id="cameraRaycastNode1" node="0>0|3|2"/>
        <i3dMapping id="cameraRaycastNode2" node="0>0|3|3"/>
        <i3dMapping id="cameraRaycastNode3" node="0>0|3|4"/>
        <i3dMapping id="shadowFocusBox" node="0>0|3|5"/>
        <i3dMapping id="cabin" node="0>0|4|0|0"/>
        <i3dMapping id="seat" node="0>0|4|0|0|0"/>
        <i3dMapping id="playerSkin" node="0>0|4|0|0|0|0"/>
        <i3dMapping id="frontlightStaticCabin" node="0>0|4|0|0|1|0"/>
        <i3dMapping id="workingLightSquare" node="0>0|4|0|0|1|2"/>
        <i3dMapping id="wiper01" node="0>0|4|0|0|2|0"/>
        <i3dMapping id="wiper02" node="0>0|4|0|0|2|1"/>
        <i3dMapping id="fuelNeedle" node="0>0|4|0|0|3|0|0|0"/>
        <i3dMapping id="tempNeedle" node="0>0|4|0|0|3|0|1|0"/>
        <i3dMapping id="airNeedle02" node="0>0|4|0|0|3|0|2|0"/>
        <i3dMapping id="airNeedle01" node="0>0|4|0|0|3|0|3|0"/>
        <i3dMapping id="speedNeedle" node="0>0|4|0|0|3|0|4|0"/>
        <i3dMapping id="rpmNeedle" node="0>0|4|0|0|3|0|5|0"/>
        <i3dMapping id="cabinLightDecal" node="0>0|4|0|0|3|1"/>
        <i3dMapping id="interiorScreenLight" node="0>0|4|0|0|3|2"/>
        <i3dMapping id="turnlightLeftDecal" node="0>0|4|0|0|3|3"/>
        <i3dMapping id="turnlightRightDecal" node="0>0|4|0|0|3|4"/>
        <i3dMapping id="dashboardDisplayDecal" node="0>0|4|0|0|3|5"/>
        <i3dMapping id="brakePedal" node="0>0|4|0|0|4|0"/>
        <i3dMapping id="playerRightFootTargetBrakeRef" node="0>0|4|0|0|4|0|0"/>
        <i3dMapping id="gasPedal" node="0>0|4|0|0|4|1"/>
        <i3dMapping id="playerRightFootTargetGasRef" node="0>0|4|0|0|4|1|0"/>
        <i3dMapping id="playerTargets" node="0>0|4|0|0|5"/>
        <i3dMapping id="playerRightFootTargetGas" node="0>0|4|0|0|5|0"/>
        <i3dMapping id="playerRightFootTargetBrake" node="0>0|4|0|0|5|1"/>
        <i3dMapping id="playerLeftFootTarget" node="0>0|4|0|0|5|2"/>
        <i3dMapping id="playerRightFootTarget" node="0>0|4|0|0|5|3"/>
        <i3dMapping id="steeringWheel" node="0>0|4|0|0|6|0|0"/>
        <i3dMapping id="playerLeftHandTarget" node="0>0|4|0|0|6|0|0|0"/>
        <i3dMapping id="playerRightHandTarget" node="0>0|4|0|0|6|0|0|1"/>
        <i3dMapping id="mirrorDecal01" node="0>0|4|0|0|7|0"/>
        <i3dMapping id="mirrorDecal02" node="0>0|4|0|0|7|1"/>
        <i3dMapping id="mirrorDecal03" node="0>0|4|0|0|7|2"/>
        <i3dMapping id="mirrorDecal04" node="0>0|4|0|0|7|3"/>
        <i3dMapping id="mirrorDecal05" node="0>0|4|0|0|7|4"/>
        <i3dMapping id="exitPoint" node="0>0|5"/>
        <i3dMapping id="aiCollisionTrigger" node="0>0|7|0"/>
        <i3dMapping id="wheelChock01" node="0>0|8|0|0"/>
        <i3dMapping id="wheelChock02" node="0>0|8|0|1"/>
        <i3dMapping id="owiewki" node="0>0|4|0|0|10"/>
        <i3dMapping id="spoiler" node="0>0|4|0|0|10|0"/>
        <i3dMapping id="blotniki_1" node="0>0|8|7"/>
        <i3dMapping id="blotniki_2" node="0>0|8|8"/>
        <i3dMapping id="sideLeftStatic" node="0>0|4|0|0|1|4"/>
        <i3dMapping id="sideRightStatic" node="0>0|4|0|0|1|5"/>
        <i3dMapping id="frontLightLow" node="0>0|2|1|0"/>
        <i3dMapping id="highBeamLow" node="0>0|2|1|1"/>
        <i3dMapping id="frontLightHigh" node="0>0|2|1|2"/>
        <i3dMapping id="highBeamHigh" node="0>0|2|1|3"/>
        <i3dMapping id="backLightsHigh1" node="0>0|2|2|0"/>
        <i3dMapping id="turnLightLeftFront" node="0>0|2|3|0"/>
        <i3dMapping id="turnLightRightFront" node="0>0|2|3|1"/>
        <i3dMapping id="reverseLight" node="0>0|2|4|0"/>
        <i3dMapping id="frontlightStatic" node="0>0|2|0|7"/>
        <i3dMapping id="frontlightStaticCabin" node="0>0|4|0|0|1|0"/>
        <i3dMapping id="backLightStatic" node="0>0|2|0|6"/>
        <i3dMapping id="turnlightBackLeftStatic" node="0>0|2|0|2"/>
        <i3dMapping id="turnlightFrontLeftStatic" node="0>0|2|0|0"/>
        <i3dMapping id="sideLeftStatic" node="0>0|4|0|0|1|4"/>
        <i3dMapping id="turnlightBackRightStatic" node="0>0|2|0|3"/>
        <i3dMapping id="turnlightFrontRightStatic" node="0>0|2|0|1"/>
        <i3dMapping id="sideRightStatic" node="0>0|4|0|0|1|5"/>
        <i3dMapping id="brakeLightStatic" node="0>0|2|0|5"/>
        <i3dMapping id="reverselightStatic" node="0>0|2|0|4"/>
        <i3dMapping id="most" node="0>0|6|0"/>
        <i3dMapping id="przetloczenia" node="0>0|4|0|0|8|13"/>
        <i3dMapping id="licensePlateFront" node="0>0|8|11"/>
        <i3dMapping id="licensePlateBack" node="0>0|8|12"/>
        <i3dMapping id="electricPoint" node="0>0|4|0|0|11|0|0|0"/>
        <i3dMapping id="hydraulic04_outPoint" node="0>0|4|0|0|11|4|0|0"/>
        <i3dMapping id="hydraulic04_inPoint" node="0>0|4|0|0|11|3|0|0"/>
        <i3dMapping id="airDoubleControlPoint" node="0>0|4|0|0|11|1|0|0"/>
        <i3dMapping id="airDoubleStoragePoint" node="0>0|4|0|0|11|2|0|0"/>
        <i3dMapping id="cabElectric" node="0>0|4|0|0|11|0|0|1"/>
        <i3dMapping id="cab04Out" node="0>0|4|0|0|11|4|0|1"/>
        <i3dMapping id="cab04In" node="0>0|4|0|0|11|3|0|1"/>
        <i3dMapping id="cabRed" node="0>0|4|0|0|11|2|0|1"/>
        <i3dMapping id="cabYellow" node="0>0|4|0|0|11|1|0|1"/>
    </i3dMappings>
</vehicle>
