﻿<?xml version="1.0" encoding="utf-8" standalone="no" ?>
<modDesc descVersion="63">
    <author>SiiD Modding</author>
	<contributors>JHHG Modding</contributors>
    <version>1.0.0.1</version>
 <title>
<en>John Deere X9 2020 US And EU Version</en>
</title>
    <description>
<en>
<![CDATA[John Deere X Series Combines US and EU version.
- price: 550.000 $
- engine power x9 1100: 690HP
- capacity range 16200 - 27400 l
- 4 grain tank configurations
- Light configurations
- demo stickers configurations
- Wheel configurations
- 3 European tags
- More details have been added
- New wheel configurations
- Rear axle width configurations
- And many more fixes

Changelog 1.0.0.1:
- Fixed fillvolume
- Fixed brakes
- A third pipe option has been added
- The tank capacities have been improved

]]>
</en>
<de>
<![CDATA[John Deere Mähdrescher der X-Serie US und EU Version.

- Preis: 550000 €
- Motorleistung x9 1100: 690PS
- Kapazität: 16200 - 27400 l
- 4 Getreidetank-Konfigurationen
- Beleuchtungskonfigurationen
- Demo-Aufkleber Konfigurationen
- Reifenkonfigurationen
- 3 Europäische Kennzeichnungen
- Weitere Details wurden hinzugefügt
- Neue Radkonfigurationen
- Konfigurationen der Hinterachsbreite
- Und viele weitere Verbesserungen

Changelog 1.0.0.1:
- Füllvolumen gefixt
- Bremsen gefixt
- Eine dritte Rohroption wurde hinzugefügt
- Tankkapazität wurde verbessert
]]>
</de>
<fr>
<![CDATA[John Deere X Series Combines Demo Version US et EU.

- prix : 550.000 €
- plage de puissance moteur x9 1100: 690CV
- plage de capacité 16200 - 27400 l
- 4 configurations de trémies à grains
- Configurations lumineuses
- configurations d'autocollants de démonstration
- Configurations de roues
- 3 étiquettes européennes
- Plus de détails ont été ajoutés
- Nouvelles configurations de roues
- Configurations de largeur d'essieu arrière
- Et bien d'autres correctifs

Changelog 1.0.0.1:
- Volume de remplissage fixe
- Freins fixes
- Une troisième option de tuyau a été ajoutée
- Les capacités des réservoirs ont été améliorées
]]>
</fr>
</description>
    <iconFilename>icon_JohnDeereX9.dds</iconFilename>
    <multiplayer supported="true" />

    <storeItems>
         <storeItem rootNode="vehicle" xmlFilename="x9_1100.xml"/>
    </storeItems>
	    <vehicleTypes>
		<type name="combineX9" parent="combineDrivable" className="Vehicle" filename="$dataS/scripts/vehicles/Vehicle.lua">
			<specialization name="trailer" />
			<specialization name="tensionBelts" />	
		</type>
    </vehicleTypes>	  
	<l10n>
<text name="configuration_fold"><en>Factory Foldable extension </en><pl>Fabryczny składany zbiornik</pl><de>Faltbarer Korntank</de><fr>Trémie pliable</fr></text>
<text name="configuration_BIG"><en>Maurer XL</en><pl>Maurer XL</pl><de>Maurer XL</de><fr>Maurer XL</fr></text>
<text name="configuration_MaurerXL"><en>Maurer XL</en><pl>Maurer XL</pl><de>Maurer XL</de><fr>Maurer XL</fr></text>
<text name="configuration_900_2_2"><en>2WD F:900/60R38 R:750/65R26</en><pl>2WD F:900/60R38 R:750/65R26</pl><de>2WD F:900/60R38 R:750/65R26</de><fr>2WD F:900/60R38 R:750/65R26</fr></text>
<text name="configuration_900_4_2"><en>RWA F:900/60R38 R:750/65R26</en><pl>RWA F:900/60R38 R:750/65R26</pl><de>RWA F:900/60R38 R:750/65R26</de><fr>RWA F:900/60R38 R:750/65R26</fr></text>
<text name="configuration_800TRANS_2"><en>2WD transport F:800/70R38 R:750/65R26</en><pl>2WD transport F:800/70R38 R:750/65R26</pl><de>2WD Transport F:800/70R38 R:750/65R26</de><fr>2WD transport F:800/70R38 R:750/65R26</fr></text>
<text name="configuration_800TRANS_4"><en>RWA transport F:800/70R38 R:750/65R26</en><pl>RWA transport F:800/70R38 R:750/65R26</pl><de>RWA Transport F:800/70R38 R:750/65R26</de><fr>RWA transport F:800/70R38 R:750/65R26</fr></text>
<text name="configuration_Duals710_2"><en>2WD F:710/70R42 R:750/65R26</en><pl>2WD F:710/70R42 R:750/65R26</pl><de>2WD F:710/70R42 R:750/65R26</de><fr>2WD F:710/70R42 R:750/65R26</fr></text>
<text name="configuration_Duals710_4"><en>RWA F:710/70R42 R:750/65R26</en><pl>RWA F:710/70R42 R:750/65R26</pl><de>RWA F:710/70R42 R:750/65R26</de><fr>RWA F:710/70R42 R:750/65R26</fr></text>
<text name="configuration_Duals650_2"><en>2WD F:650/85R38 R:750/65R26</en><pl>2WD F:650/85R38 R:750/65R26</pl><de>2WD F:650/85R38 R:750/65R26</de><fr>2WD F:650/85R38 R:750/65R26</fr></text>
<text name="configuration_Duals650_4"><en>RWA F:650/85R38 R:750/65R26</en><pl>RWA F:650/85R38 R:750/65R26</pl><de>RWA F:650/85R38 R:750/65R26</de><fr>RWA F:650/85R38 R:750/65R26</fr></text>
<text name="configuration_Duals580_2"><en>2WD F:580/85R42 R:750/65R26</en><pl>2WD F:580/85R42 R:750/65R26</pl><de>2WD F:580/85R42 R:750/65R26</de><fr>2WD F:580/85R42 R:750/65R26</fr></text>
<text name="configuration_Duals580_4"><en>RWA F:580/85R42 R:750/65R26</en><pl>RWA F:580/85R42 R:750/65R26</pl><de>RWA F:580/85R42 R:750/65R26</de><fr>RWA F:580/85R42 R:750/65R26</fr></text>
<text name="configuration_Duals580_2RC"><en>2WD Row Crop F:580/85R42 R:620/75R26</en><pl>2WD Rzędowe F:580/85R42 R:620/75R26</pl><de>2WD Reihenkulturen F:580/85R42 R:620/75R26</de><fr>2WD Récolte en rangée F:580/85R42 R:620/75R26</fr></text>
<text name="configuration_Duals580_4RC"><en>RWA Row Crop F:580/85R42 R:620/75R26</en><pl>RWA Rzędowe F:580/85R42 R:620/75R26</pl><de>RWA Reihenkulturen F:580/85R42 R:620/75R26</de><fr>RWA Récolte en rangée F:580/85R42 R:620/75R26</fr></text>
<text name="configuration_1100_2"><en>2WD F:1100/45R46 R:850/55R30</en><pl>2WD F:1100/45R46 R:850/55R30</pl><de>2WD F:1100/45R46 R:850/55R30</de><fr>2WD F:1100/45R46 R:850/55R30</fr></text>
<text name="configuration_1100_4"><en>RWA F:1100/45R46 R:850/55R30</en><pl>RWA F:1100/45R46 R:850/55R30</pl><de>RWA F:1100/45R46 R:850/55R30</de><fr>RWA F:1100/45R46 R:850/55R30</fr></text>
<text name="configuration_1400_2"><en>2WD F:1400/30R46 R:850/55R30</en><pl>2WD F:1400/30R46 R:850/55R30</pl><de>2WD F:1400/30R46 R:850/55R30</de><fr>2WD F:1400/30R46 R:850/55R30</fr></text>
<text name="configuration_1400_4"><en>RWA F:1400/30R46 R:850/55R30</en><pl>RWA F:1400/30R46 R:850/55R30</pl><de>RWA F:1400/30R46 R:850/55R30</de><fr>RWA F:1400/30R46 R:850/55R30</fr></text>
<text name="configuration_1250_2_two"><en>2WD F:1250/35R46 R:850/55R30</en><pl>2WD F:1250/35R46 R:850/55R30</pl><de>2WD F:1250/35R46 R:850/55R30</de><fr>2WD F:1250/35R46 R:850/55R30</fr></text>
<text name="configuration_1250_4_two"><en>RWA F:1250/35R46 R:850/55R30</en><pl>RWA F:1250/35R46 R:850/55R30</pl><de>RWA F:1250/35R46 R:850/55R30</de><fr>RWA F:1250/35R46 R:850/55R30</fr></text>
<text name="configuration_1250_2"><en>2WD F:1250/50R32 R:750/65R26</en><pl>2WD F:1250/50R32 R:750/65R26</pl><de>2WD F:1250/50R32 R:750/65R26</de><fr>2WD F:1250/50R32 R:750/65R26</fr></text>
<text name="configuration_1250_4"><en>RWA F:1250/50R32 R:750/65R26</en><pl>RWA F:1250/50R32 R:750/65R26</pl><de>RWA F:1250/50R32 R:750/65R26</de><fr>RWA F:1250/50R32 R:750/65R26</fr></text>
<text name="configuration_900_2"><en>2WD F:900/70R32 R:750/65R26</en><pl>2WD F:900/70R32 R:750/65R26</pl><de>2WD F:900/70R32 R:750/65R26</de><fr>2WD F:900/70R32 R:750/65R26</fr></text>
<text name="configuration_900_4"><en>RWA F:900/70R32 R:750/65R26</en><pl>RWA F:900/70R32 R:750/65R26</pl><de>RWA F:900/70R32 R:750/65R26</de><fr>RWA F:900/70R32 R:750/65R26</fr></text>
<text name="configuration_ATI_30"><en>RWA 30'' ATI Tracks R:750/65R26</en><pl>RWA Gąsienice 30 cali ATI R:750/65R26</pl><de>RWA 30-Zoll ATI Tracks R:750/65R26</de><fr>RWA Une piste de 30 pouces ATI R:750/65R26</fr></text>
<text name="configuration_ATI_36"><en>RWA 36'' ATI Tracks R:750/65R26</en><pl>RWA Gąsienice 36 cali ATI R:750/65R26</pl><de>RWA 36-Zoll ATI Tracks R:750/65R26</de><fr>RWA Une piste de 36 pouces ATI R:750/65R26</fr></text>
<text name="configuration_crawlerS700_30"><en>RWA 30'' S700 Tracks 2019</en><pl>RWA Gąsienice 30 cali S700 2019</pl><de>RWA 30-Zoll S700 Tracks 2019</de><fr>RWA Une piste de 30 pouces S700 2019</fr></text>
<text name="configuration_crawlerS700_36"><en>RWA 36'' S700 Tracks 2019</en><pl>RWA Gąsienice 36 cali S700 2019</pl><de>RWA 36-Zoll S700 Tracks 2019</de><fr>RWA Une piste de 36 pouces S700 2019</fr></text>
<text name="configuration_ATI_30JD"><en>RWA 30'' John Deere ATI Tracks R:750/65R26</en><pl>RWA Gąsienice 30 cali John Deere ATI R:750/65R26</pl><de>RWA 30-Zoll John Deere ATI Tracks R:750/65R26</de><fr>RWA Une piste de 30 pouces John Deere ATI R:750/65R26</fr></text>
<text name="configuration_ATI_36JD"><en>RWA 36'' John Deere ATI Tracks R:750/65R26</en><pl>RWA Gąsienice 36 cali John Deere ATI R:750/65R26</pl><de>RWA 36-Zoll John Deere ATI Tracks R:750/65R26</de><fr>RWA Une piste de 36 pouces John Deere ATI R:750/65R26</fr></text>
<text name="configuration_Duals800_2"><en>2WD F:800/70R38 R:750/65R26</en><pl>2WD F:800/70R38 R:750/65R26</pl><de>2WD F:800/70R38 R:750/65R26</de><fr>2WD F:800/70R38 R:750/65R26</fr></text>
<text name="configuration_Duals800_4"><en>RWA F:800/70R38 R:750/65R26</en><pl>RWA F:800/70R38 R:750/65R26</pl><de>RWA F:800/70R38 R:750/65R26</de><fr>RWA F:800/70R38 R:750/65R26</fr></text>
<text name="configuration_Duals580_2RC_MITAS"><en>2WD Row Crop F:580/85R42 R:600/70R28</en><pl>2WD Rzędowe F:580/85R42 R:600/70R28</pl><de>2WD Reihenkulturen F:580/85R42 R:600/70R28</de><fr>2WD Récolte en rangée F:580/85R42 R:600/70R28</fr></text>
<text name="configuration_Duals580_4RC_MITAS"><en>RWA Row Crop F:580/85R42 R:600/70R28</en><pl>RWA Rzędowe F:580/85R42 R:600/70R28</pl><de>RWA Reihenkulturen F:580/85R42 R:600/70R28</de><fr>RWA Récolte en rangée F:580/85R42 R:600/70R28</fr></text>
<text name="configuration_SOUCY_30_2WD"><en>2WD 32'' Soucy ST-1000 R:850/55R30</en><pl>2WD 32'' Soucy ST-1000 R:850/55R30</pl><de>2WD 32-Zoll Soucy ST-1000 R:850/55R30</de><fr>2WD 32'' Soucy ST-1000 R:850/55R30</fr></text>
<text name="configuration_SOUCY_30_4WD"><en>RWA 32'' Soucy ST-1000 R:850/55R30</en><pl>RWA 32'' Soucy ST-1000 R:850/55R30</pl><de>RWA 32-Zoll Soucy ST-1000 R:850/55R30</de><fr>RWA 32'' Soucy ST-1000 R:850/55R30</fr></text>
<text name="configuration_axisExtension"><en>Rear axis</en><pl>Tylna oś</pl><de>Hinterachse</de><fr>Axe arrière</fr></text>
<text name="configuration_axisExtended"><en>Wide rear axis</en><pl>Szeroka tylna oś</pl><de>Breite Hinterachse</de><fr>Large axe arrière</fr></text>
<text name="configuration_number"><en>Numbers</en><pl>Numery</pl><de>Zahlen</de><fr>Nombres</fr></text>
<text name="configuration_TrailerHitch"><en>Rear hitches</en><pl>Tylne zaczepy</pl><de>Hintere Anhängevorrichtung</de><fr>Attelages arrière</fr></text>
<text name="configuration_hitchExtension"><en>Static left side hitch extension</en><pl>Statyczne przedłużenie zaczepu lewa strona</pl><de>Statische Anhängevorrichtung links</de><fr>Rallonge d'attelage gauche statique</fr></text>
<text name="configuration_hitchExtension_drugi"><en>Static center hitch extension</en><pl>Statyczne przedłużenie zaczepu środek </pl><de>Statische Mittelkupplungsverlängerung</de><fr>Extension d'attelage central statique</fr></text>
<text name="configuration_Aussie"><en>Aussie</en><pl>Australijska</pl><de>Australisch</de></text>
<text name="configuration_Lights"><en>Light configuration</en><pl>Konfiguracja świateł</pl><de>Lichtkonfiguration</de></text>
<text name="configuration_0"><en>Standard lights</en><pl>Światła standardowe</pl><de>Standardleuchten </de></text>
<text name="configuration_1"><en>Standard lights and radio</en><pl>Światła standardowe i radio</pl><de>Standlicht und Radio </de></text>
<text name="configuration_2"><en>Standard lights premium</en><pl>Standardowe światła premium</pl><de>Standardleuchten Premium</de></text>
<text name="configuration_3"><en>Standard lights premium and radio</en><pl>Standardowe światła premium i radio</pl><de>Standardleuchten Premium und Radio</de></text>
<text name="configuration_4"><en>Deluxe lights</en><pl>Oświetlenie Luksusowe</pl><de>Deluxe-Leuchten</de></text>
<text name="configuration_5"><en>Deluxe lights and radio</en><pl>Oświetlenie Luksusowe i radio</pl><de>Deluxe Beleuchtung und Radio</de></text>
<text name="configuration_6"><en>Deluxe lights premium</en><pl>Luksusowe oświetlenie premium</pl><de>Deluxe Premium-Beleuchtung</de></text>
<text name="configuration_7"><en>Deluxe lights premium  and radio</en><pl>Luksusowe oświetlenie premium i radio</pl><de>Deluxe Premium-Beleuchtung und Radio</de></text>
<text name="configuration_Pipeshort"><en>Short pipe with a foldable spout</en><pl>Rura krótka z ruchomą końcówką</pl><de>Kurze Pfeife mit faltbarem Ausguss</de></text>
<text name="configuration_Pipelong"><en>Long pipe</en><pl>Rura długa</pl><de>Langes Rohr</de></text>
<text name="configuration_Pipelong2"><en>Long pipe with a foldable spout</en><pl>Rura długa z ruchomą końcówką</pl><de>Lange Pfeife mit klappbarem Ausguss</de></text>
<text name="configuration_DemoStickers"><en>Demo Stickers</en><pl>Naklejki wersji demonstracyjnej</pl><de>Demo-Sticker</de></text>
<text name="configuration_LogoJohnDeereindefaulttans"><en>Logo John Deere in default tanks</en><pl>Logo John Deere w domyślnych zbiornikach </pl><de>Logo John Deere in Standardtanks</de></text>
<text name="configuration_DemoStickersandlogo"><en>Demo Stickers and logo in tanks</en><pl>Naklejki demonstracyjne i logo JD na zbiornikach</pl><de>Demo-Aufkleber und Logo in Standardtanks</de></text>
</l10n> 	

</modDesc>
