﻿<?xml version="1.0" encoding="utf-8" standalone="no" ?>
<vehicle type="livestockTrailer">
    <annotation>Copyright (C) GIANTS Software GmbH, All Rights Reserved.</annotation>
	
    <storeData>
        <name>            <en>BETIMAX RDS 7500</en>
        </name>
        <functions>
            <function>$l10n_function_livestockTrailer</function>
        </functions>
        <image>data/betimaxRDS7500/store_joskinBetimaxRDS7500.png</image>
        <price>24000</price>
        <lifetime>600</lifetime>
        <rotation>0</rotation>
        <brand>JOSKIN</brand>
        <category>animalTransport</category>
        <shopTranslationOffset>0 0.031 0</shopTranslationOffset>
        <shopRotationOffset>0 0 0</shopRotationOffset>
        <vertexBufferMemoryUsage>1735936</vertexBufferMemoryUsage>
        <indexBufferMemoryUsage>254976</indexBufferMemoryUsage>
        <textureMemoryUsage>1638400</textureMemoryUsage>
        <audioMemoryUsage>0</audioMemoryUsage>
        <instanceVertexBufferMemoryUsage>0</instanceVertexBufferMemoryUsage>
        <instanceIndexBufferMemoryUsage>0</instanceIndexBufferMemoryUsage>
    </storeData>
	
    <base>
        <typeDesc>$l10n_typeDesc_livestockTrailer</typeDesc>
        <filename>data/betimaxRDS7500/joskinBetimaxRDS7500.i3d</filename>
        <size width="3" length="10"/>
        <components>
            <component centerOfMass="0 0.6 0" solverIterationCount="10" mass="4150"/>
        </components>
        <schemaOverlay attacherJointPosition="0 0" name="IMPLEMENT" />
    </base>
	
    <wheels>
        <wheelConfigurations>
			<wheelConfiguration name="$l10n_configuration_valueDefault" price="4500" brand="TRELLEBORG" saveId="TRELLEBORG_DEFAULT">
                <wheels autoRotateBackSpeed="2.0">
                    <wheel filename="$data/shared/wheels/tires/trelleborg/AW309/500_50R17.xml" isLeft="true" hasTireTracks="true">
                        <physics restLoad="0.9" repr="wheelFrontLeft" forcePointRatio="0.5" initialCompression="20" suspTravel="0.20" spring="27" damper="50"/>
                        <wheelChock parkingNode="wheelChock01"/>
                        <wheelChock parkingNode="wheelChock02" isInverted="true"/>
                    </wheel>
                    <wheel filename="$data/shared/wheels/tires/trelleborg/AW309/500_50R17.xml" isLeft="false" hasTireTracks="true">
                        <physics restLoad="0.9" repr="wheelFrontRight" forcePointRatio="0.5" initialCompression="20" suspTravel="0.20" spring="27" damper="50"/>
                    </wheel>
                    <wheel filename="$data/shared/wheels/tires/trelleborg/AW309/500_50R17.xml" isLeft="true" hasTireTracks="true" hasParticles="true">
                        <physics restLoad="0.9" repr="wheelBackLeft" forcePointRatio="0.5" initialCompression="22" suspTravel="0.20" spring="27" damper="50"/>
                    </wheel>
                    <wheel filename="$data/shared/wheels/tires/trelleborg/AW309/500_50R17.xml" isLeft="false" hasTireTracks="true" hasParticles="true">
                        <physics restLoad="0.9" repr="wheelBackRight" forcePointRatio="0.5" initialCompression="22" suspTravel="0.20" spring="27" damper="50"/>
                    </wheel>
                </wheels>
            </wheelConfiguration>
			<!--wheelConfiguration name="$l10n_configuration_valueWheelNarrow" price="1200" brand="BKT" saveId="BKT_DEFAULT3">
                <wheels baseConfig="TRELLEBORG_DEFAULT">
                    <wheel filename="data/shared/400_60_17.xml"/>
                    <wheel filename="data/shared/400_60_17.xml"/>
                    <wheel filename="data/shared/400_60_17.xml"/>
                    <wheel filename="data/shared/400_60_17.xml"/>
                </wheels>
            </wheelConfiguration>
			<wheelConfiguration name="$l10n_configuration_valueDefault" price="1200" brand="BKT" saveId="BKT_DEFAULT2">
                <wheels baseConfig="TRELLEBORG_DEFAULT">
                    <wheel filename="data/shared/500_50_17.xml"/>
                    <wheel filename="data/shared/500_50_17.xml"/>
                    <wheel filename="data/shared/500_50_17.xml"/>
                    <wheel filename="data/shared/500_50_17.xml"/>
                </wheels>
            </wheelConfiguration-->
			<wheelConfiguration name="$l10n_configuration_valueDefault" price="1200" brand="BKT" saveId="BKT_DEFAULT">
                <wheels baseConfig="TRELLEBORG_DEFAULT">
                    <wheel filename="$data/shared/wheels/tires/bkt/ridemaxFL693M/500_50R17.xml"/>
                    <wheel filename="$data/shared/wheels/tires/bkt/ridemaxFL693M/500_50R17.xml"/>
                    <wheel filename="$data/shared/wheels/tires/bkt/ridemaxFL693M/500_50R17.xml"/>
                    <wheel filename="$data/shared/wheels/tires/bkt/ridemaxFL693M/500_50R17.xml"/>
                </wheels>
            </wheelConfiguration>
        </wheelConfigurations>
		
        <hubs>
			<color0 useRimColor="true"/>
			<color1 useRimColor="true"/>
            <hub linkNode="wheelFrontLeft"  filename="$data/shared/wheels/hubs/hub_n10_4.xml" isLeft="true" scale="0.285 0.285 0.285" offset="0.02"/>
            <hub linkNode="wheelFrontRight" filename="$data/shared/wheels/hubs/hub_n10_4.xml" isLeft="false" scale="0.285 0.285 0.285" offset="0.02"/>
            <hub linkNode="wheelBackLeft"   filename="$data/shared/wheels/hubs/hub_n10_4.xml" isLeft="true" scale="0.285 0.285 0.285" offset="0.02"/>
            <hub linkNode="wheelBackRight"  filename="$data/shared/wheels/hubs/hub_n10_4.xml" isLeft="false" scale="0.285 0.285 0.285" offset="0.02"/>
        </hubs>
    </wheels>
	
	<rimColorConfigurations useDefaultColors="false" price="300">
	    <rimColorConfiguration name="$l10n_colorJoskinYellow" color="JOSKIN_YELLOW1" material="0" />
		<rimColorConfiguration name="$l10n_colorDefaultGrey"  color="SHARED_GREY2"   material="18" price="2000" />
	</rimColorConfigurations>
	
    <dynamicallyLoadedParts>
        <dynamicallyLoadedPart node="0" linkNode="chockSupport01"  filename="$data/shared/assets/wheelChocks/wheelChockSupport01.i3d"/>
        <dynamicallyLoadedPart node="0" linkNode="chockSupport02"  filename="$data/shared/assets/wheelChocks/wheelChockSupport01.i3d"/>
		<dynamicallyLoadedPart node="1|1" linkNode="electricNode"  filename="$data/shared/connectionHoses/connectors.i3d" />
        <dynamicallyLoadedPart node="1|2" linkNode="brakeYNode"    filename="$data/shared/connectionHoses/connectors.i3d" />
        <dynamicallyLoadedPart node="1|3" linkNode="brakeRNode"    filename="$data/shared/connectionHoses/connectors.i3d" />
        <dynamicallyLoadedPart node="1|0" linkNode="hyd01_inNode"  filename="$data/shared/connectionHoses/connectors.i3d" />
        <dynamicallyLoadedPart node="1|0" linkNode="hyd01_outNode" filename="$data/shared/connectionHoses/connectors.i3d" />
        <dynamicallyLoadedPart node="1|0" linkNode="hyd02Node"     filename="$data/shared/connectionHoses/connectors.i3d" />
    </dynamicallyLoadedParts>
	
    <attachable>
        <inputAttacherJointConfigurations>
            <inputAttacherJointConfiguration name="$l10n_configuration_valueAttcherLow" price="700">
                <inputAttacherJoint node="attacherJointLow" jointType="trailer" attacherHeight="0.47" />
		    	<objectChange node="trailerLow" visibilityActive="true"/>
		        <objectChange node="trailer"    visibilityActive="false"/>
		    	
		    	<objectChange node="colPart1" translationActive="0 0.498 3.741"/>
		    	<objectChange node="colPart1" rotationActive="0 0 0"/>
            </inputAttacherJointConfiguration>
		    <inputAttacherJointConfiguration name="$l10n_configuration_valueAttcherHigh" price="900">
		        <inputAttacherJoint node="attacherJoint" jointType="trailer" attacherHeight="0.9" />
                <objectChange node="trailerLow" visibilityActive="false"/>
		        <objectChange node="trailer"    visibilityActive="true"/>
		    	
		    	<objectChange node="colPart1" translationActive="0 0.646 3.755"/>
		    	<objectChange node="colPart1" rotationActive="-12.739 0 0"/>
            </inputAttacherJointConfiguration>
        </inputAttacherJointConfigurations>
        <brakeForce force="0.3" maxForce="1.2" maxForceMass="8500"/>
        <support animationName="moveSupport"/>
    </attachable>
	
	<connectionHoses>
		<hose inputAttacherJointIndices="1" type="electric" node="electric" length="1" diameter="0.01" straighteningFactor="1.4">
		    <objectChange node="electricDeattched" visibilityActive="false" visibilityInactive="true"/>
		</hose>
        <hose inputAttacherJointIndices="1" type="hydraulicIn" node="hyd01_in" length="0.9" diameter="0.015" straighteningFactor="0.4">
		    <objectChange node="hyd01_inDeattched" visibilityActive="false" visibilityInactive="true"/>
		</hose>
		<hose inputAttacherJointIndices="1" type="hydraulicOut" node="hyd01_out" length="0.9" diameter="0.015" straighteningFactor="0.4">
		    <objectChange node="hyd01_outDeattched" visibilityActive="false" visibilityInactive="true"/>
		</hose>
		<hose inputAttacherJointIndices="1" type="airDoubleRed" node="brakeR" length="0.9" diameter="0.015" straighteningFactor="0.4">
		    <objectChange node="brakeRDeattched" visibilityActive="false" visibilityInactive="true"/>
		</hose>
		<hose inputAttacherJointIndices="1" type="airDoubleYellow" node="brakeY" length="0.9" diameter="0.015" straighteningFactor="0.4">
		    <objectChange node="brakeYDeattched" visibilityActive="false" visibilityInactive="true"/>
		</hose>
		<hose inputAttacherJointIndices="1" type="hydraulicOut" node="hyd02" length="0.9" diameter="0.015" straighteningFactor="0.4">
		    <objectChange node="hyd02Deattched" visibilityActive="false" visibilityInactive="true"/>
		</hose>
    </connectionHoses>
	
    <lights>
        <sharedLight linkNode="rearPlateNumber_01_1"         filename="$data/shared/assets/lights/lizard/plateNumberLight01.xml"/>
        <sharedLight linkNode="rearPlateNumber_01_2"         filename="$data/shared/assets/lights/lizard/plateNumberLight01.xml"/>
        <sharedLight linkNode="redTriangle_02"               filename="$data/shared/assets/reflectors/lizard/redTriangle_02.xml"/>
        <sharedLight linkNode="rearMultipointLight_03_left"  filename="$data/shared/assets/lights/lizard/rearLight33_left.xml"/>
        <sharedLight linkNode="rearMultipointLight_03_right" filename="$data/shared/assets/lights/lizard/rearLight33_right.xml"/>
        <sharedLight linkNode="yellowRectangle_01_1"         filename="$data/shared/assets/reflectors/lizard/yellowRectangle_01.xml"/>
        <sharedLight linkNode="yellowRectangle_01_2"         filename="$data/shared/assets/reflectors/lizard/yellowRectangle_01.xml"/>
        <sharedLight linkNode="yellowRectangle_01_3"         filename="$data/shared/assets/reflectors/lizard/yellowRectangle_01.xml"/>
        <sharedLight linkNode="yellowRectangle_01_4"         filename="$data/shared/assets/reflectors/lizard/yellowRectangle_01.xml"/>
        <sharedLight linkNode="yellowRectangle_01_5"         filename="$data/shared/assets/reflectors/lizard/yellowRectangle_01.xml"/>
        <sharedLight linkNode="yellowRectangle_01_6"         filename="$data/shared/assets/reflectors/lizard/yellowRectangle_01.xml"/>
        <sharedLight linkNode="yellowRectangle_01"           filename="$data/shared/assets/reflectors/lizard/yellowRectangle_01.xml"/>
        <sharedLight linkNode="yellowRectangle_02"           filename="$data/shared/assets/reflectors/lizard/yellowRectangle_01.xml"/>
        <sharedLight linkNode="yellowRectangle_03"           filename="$data/shared/assets/reflectors/lizard/yellowRectangle_01.xml"/>
        <sharedLight linkNode="yellowRectangle_04"           filename="$data/shared/assets/reflectors/lizard/yellowRectangle_01.xml"/>
        <sharedLight linkNode="yellowRectangle_05"           filename="$data/shared/assets/reflectors/lizard/yellowRectangle_01.xml"/>
        <sharedLight linkNode="yellowRectangle_06"           filename="$data/shared/assets/reflectors/lizard/yellowRectangle_01.xml"/>
        <sharedLight linkNode="yellowRectangle_07"           filename="$data/shared/assets/reflectors/lizard/yellowRectangle_01.xml"/>
        <sharedLight linkNode="yellowRectangle_08"           filename="$data/shared/assets/reflectors/lizard/yellowRectangle_01.xml"/>
        <realLights>
            <high>
                <light node="backLightsHigh" lightTypes="0"/>
                <turnLightLeft node="turnLightLeftBack"/>
                <turnLightRight node="turnLightRightBack"/>
                <brakeLight node="backLightsHigh"/>
                <reverseLight node="reverseLight"/>
            </high>
        </realLights>
    </lights>
	
    <foldable>
		<foldingConfigurations>
            <foldingConfiguration>
				<foldingParts startMoveDirection="-1" requiresPower="false">
					<foldingPart animationName="folding" speedScale="1"/>
				</foldingParts>
			</foldingConfiguration>
        </foldingConfigurations>
    </foldable>
	
    <animations>
        <!-- support -->
        <animation name="moveSupport">
            <part node="support"                   startTime="0" endTime="0.2"   startTrans="0.192 0.543 3.502" endTrans="0.192 0.38 3.502"/>
            <part node="supportCol"                startTime="0" endTime="0.05"  startTrans="0 0 0" endTrans="0 -0.143 0"/>
			<part node="hydraulicFrontSupportPush" startTime="0" endTime="0.5"   startTrans="0 -0.075 0" endTrans="0 -0.15 0"/>
			<part node="hydraulicFrontSupport"     startTime="0.5" endTime="0.7" startRot="-73 0 0"       endRot="0 0 0"/>
			<part node="supportCol_1"              startTime="0" endTime="0.05"  startTrans="0 -0.014 0.128" endTrans="0 -0.014 -0.002"/>
			
			<sound template="sheetImp02"  startTime="0.2" volumeScale="4.2" pitchScale="0"   direction="-1"/>
			<sound template="metalClose"  startTime="0.7" volumeScale="6.2" pitchScale="0" direction="-1"/>
			<sound template="metalClose"  startTime="0.5" volumeScale="6.2" pitchScale="0" direction="1"/>
        </animation>
        <!-- cover -->
        <animation name="toggleCover">
            <part node="cover" startTime="0" endTime="0.05" visibility="true"/>
            <part node="cover" startTime="0.05" endTime="0.1" visibility="false"/>
			
			<sound template="fabricCover2" startTime="0.01" direction="1"  volumeScale="1.4" pitchScale="1.5"/>
            <sound template="fabricCover1" startTime="0.05" direction="-1" volumeScale="1.4" pitchScale="1.8"/>
        </animation>
        <animation name="folding">
		    <part node="dlb_closeupPart" startTime="0"   endTime="0.5" startRot="0 0 0"   endRot="0 0 43"/>
            <part node="drb_closeupPart" startTime="0"   endTime="0.5" startRot="0 0 0"   endRot="0 0 -38"/>
			<part node="dlb_closeupPart" startTime="0.5" endTime="1.5" startRot="0 0 43"  endRot="0 0 -86"/>
            <part node="drb_closeupPart" startTime="0.5" endTime="1.5" startRot="0 0 -38" endRot="0 0 86"/>
			<part node="dlb_closeup"     startTime="0.5" endTime="1.5" startRot="0 0 0"   endRot="0 90 0"/>
            <part node="drb_closeup"     startTime="0.5" endTime="1.5" startRot="0 0 0"   endRot="0 -90 0"/>
			<part node="doorRightPart"   startTime="0"   endTime="0.5" startTrans="-0.02 -0.277 -0.732" endTrans="-0.02 -0.236 -0.732"/>
			<part node="doorRightPart"   startTime="0.5" endTime="1.5" startTrans="-0.02 -0.236 -0.732" endTrans="-0.02 -0.277 -0.732"/>
            <part node="doorLeftBack"    startTime="1.5" endTime="3"   startRot="0 0 0" endRot="0 -260 0"/>
            <part node="doorRightBack"   startTime="1.5" endTime="3"   startRot="0 0 0" endRot="0 260 0"/>
            <part node="doorRight"       startTime="0.5" endTime="1.5" startRot="0 0 0" endRot="0 170 0"/>
			
			<sound template="hingeMedium" startTime="0"   volumeScale="2.2" pitchScale="1.2" direction="1"/>
			<sound template="hingeMedium" startTime="1.5" volumeScale="2.2" pitchScale="0.2" direction="1"/>
			<sound template="hingeSmall"  startTime="0.7" volumeScale="2.2" pitchScale="1.2" direction="1"/>
			<sound template="sheetImp02"  startTime="2.9" volumeScale="4.2" pitchScale="0"   direction="1"/>
			
			<sound template="sheetImp02"  startTime="0"   volumeScale="4.2" pitchScale="1.2" direction="-1"/>
			<sound template="hingeMedium" startTime="3"   volumeScale="2.2" pitchScale="0.2" direction="-1"/>
			<sound template="hingeSmall"  startTime="2.5" volumeScale="2.2" pitchScale="1.2" direction="-1"/>
			<sound template="metalClose"  startTime="1.5" volumeScale="6.2" pitchScale="0"   direction="-1"/>
			
			<sound template="metalClose"  startTime="1.5" volumeScale="2.2" pitchScale="0.5" direction="1"/>
			<sound template="metalClose"  startTime="0.5" volumeScale="4.2" pitchScale="0.5" direction="-1"/>
        </animation>
		<animation name="lowering">
		    <part node="axisFront" startTime="0" endTime="2.0" startRot="0 0 0" endRot="35 0 0"/>
            <part node="axisBack"  startTime="0" endTime="2.0" startRot="0 0 0" endRot="35 0 0"/>
		</animation>
    </animations>
	
    <cylindered>
		<movingTools>
            <movingTool node="axisFront" wheelIndices="1 2 3 4" playSound="true">
			    <controls axis="AXIS_PIPE" invertAxis="false" mouseSpeedFactor="0.6" iconName="WHEEL_BASE_TRANSLATE_X" />
			    <animation animName="lowering" animSpeed="0.1" animStartTime="0" animationTime="1.0" />
                <dependentPart node="hydraulicFrontAxis"/>
            </movingTool>
            <movingTool node="axisBack" wheelIndices="1 2 3 4" playSound="true">
                <dependentPart node="hydraulicBackAxis"/>
            </movingTool>
        </movingTools>
        <movingParts>
            <movingPart node="hydraulicFrontAxis" referencePoint="hydraulicFrontAxisRef" referenceFrame="hydraulicFrontAxisRef">
                <translatingPart node="hydraulicFrontAxisPush"/>
            </movingPart>
            <movingPart node="hydraulicBackAxis" referencePoint="hydraulicBackAxisRef" referenceFrame="hydraulicBackAxisRef">
                <translatingPart node="hydraulicBackAxisPush"/>
            </movingPart>
        </movingParts>
        <sounds>
            <hydraulic template="defaultHydraulicSound" linkNode="betimaxRDS7500_main_component1"/>
        </sounds>
    </cylindered>
	
    <livestockTrailer>
        <animal type="sheep" node="sheepSlots" numSlots="10"/>
        <animal type="pig"   node="pigSlots"   numSlots="9"/>
        <animal type="cow"   node="cowSlots"   numSlots="6"/>
        <animal type="horse" node="horseSlots" numSlots="9" />
    </livestockTrailer>
	
    <cover>
        <coverConfigurations>
            <coverConfiguration name="$l10n_configuration_valueDefault" price="0">
                <cover openAnimation="toggleCover" fillUnitIndices="1"/>
            </coverConfiguration>
        </coverConfigurations>
    </cover>
	
    <foliageBending>
        <bendingNode minX="-1.3" maxX="1.3" minZ="-4.6" maxZ="3.2 " yOffset="0.4"/>
    </foliageBending>
	
	<designConfigurations title="$l10n_configuration_fender">
        <designConfiguration name="$l10n_configuration_valueDefault" price="0">
            <objectChange node="defaultFender" visibilityActive="true"  visibilityInactive="false"/>
			<objectChange node="wideFender"    visibilityActive="false" visibilityInactive="true"/>
        </designConfiguration>
        <designConfiguration name="$l10n_configuration_valueWide" price="2000">
            <objectChange node="defaultFender" visibilityActive="false" visibilityInactive="true"/>
			<objectChange node="wideFender"    visibilityActive="true"  visibilityInactive="false"/>
        </designConfiguration>
    </designConfigurations>
	
    <baseMaterial>
        <material name="joskinBetimaxRDS7500_mat" baseNode="joskin_vis">
            <shaderParameter name="colorMat0" value="JOSKIN_GREEN1"/>
            <shaderParameter name="colorMat1" value="SHARED_WHITE2"/>
            <shaderParameter name="colorMat2" value="0.03 0.2 0.03"/>
            <shaderParameter name="colorMat3" value="JOSKIN_YELLOW1"/>
			<shaderParameter name="colorMat4" value="SHARED_WHITE2"/>
        </material>
    </baseMaterial>
	
	<baseMaterialConfigurations >
        <baseMaterialConfiguration material="4"  color="SHARED_WHITE2" name="$l10n_colorGalvanizedGrey" >
			<material name="joskinBetimaxRDS7500_mat" shaderParameter="colorMat3" color="JOSKIN_YELLOW1"/>
        </baseMaterialConfiguration>
        <baseMaterialConfiguration material="19" color="SHARED_WHITE2" name="$l10n_colorDefaultGrey" >
			<material name="joskinBetimaxRDS7500_mat" shaderParameter="colorMat3" color="JOSKIN_YELLOW1"/>
        </baseMaterialConfiguration>
        <baseMaterialConfiguration material="19" color="JOSKIN_GREEN1" name="$l10n_colorDefaultGreen" >
			<material name="joskinBetimaxRDS7500_mat" shaderParameter="colorMat3" color="SHARED_GREY2"/>
        </baseMaterialConfiguration>
        <material name="joskinBetimaxRDS7500_mat" shaderParameter="colorMat1"/>
        <material name="joskinBetimaxRDS7500_mat" shaderParameter="colorMat4"/>
    </baseMaterialConfigurations>
	
	<licensePlates>
        <licensePlate node="lcPlate" position="BACK" preferedType="ELONGATED" placementArea="0.17 0.2 0.08 0.2"/>
    </licensePlates>
	
    <wearable wearDuration="480" workMultiplier="5" fieldMultiplier="2"/>
    <washable dirtDuration="90" washDuration="1" workMultiplier="4" fieldMultiplier="2"/>
	
    <i3dMappings>
        <i3dMapping id="betimaxRDS7500_main_component1" node="0>"/>
        <i3dMapping id="joskin_vis" node="0>0"/>
        <i3dMapping id="trailerLow" node="0>0|0|0|0"/>
        <i3dMapping id="attacherJointLow" node="0>0|0|0|0|1"/>
        <i3dMapping id="trailer" node="0>0|0|0|1"/>
        <i3dMapping id="attacherJoint" node="0>0|0|0|1|1"/>
        <i3dMapping id="support" node="0>0|0|1"/>
        <i3dMapping id="supportCol" node="0>0|0|1|0"/>
        <i3dMapping id="hydraulicFrontSupport" node="0>0|0|3" />
        <i3dMapping id="hydraulicFrontSupportPush" node="0>0|0|3|0" />
        <i3dMapping id="supportCol_1" node="0>0|0|3|0|0" />
        <i3dMapping id="chockSupport01" node="0>0|0|2|0"/>
        <i3dMapping id="chockSupport02" node="0>0|0|2|1"/>
        <i3dMapping id="wheelChock01" node="0>0|0|2|2"/>
        <i3dMapping id="wheelChock02" node="0>0|0|2|3"/>
        <i3dMapping id="electric" node="0>0|0|4|1" />
        <i3dMapping id="electricDeattched" node="0>0|0|4|1|0" />
        <i3dMapping id="electricNode" node="0>0|0|4|1|0|0" />
        <i3dMapping id="brakeY" node="0>0|0|4|2" />
        <i3dMapping id="brakeYDeattched" node="0>0|0|4|2|0" />
        <i3dMapping id="brakeYNode" node="0>0|0|4|2|0|0" />
        <i3dMapping id="brakeR" node="0>0|0|4|3" />
        <i3dMapping id="brakeRDeattched" node="0>0|0|4|3|0" />
        <i3dMapping id="brakeRNode" node="0>0|0|4|3|0|0" />
        <i3dMapping id="hyd01_in" node="0>0|0|4|4" />
        <i3dMapping id="hyd01_inDeattched" node="0>0|0|4|4|0" />
        <i3dMapping id="hyd01_inNode" node="0>0|0|4|4|0|0" />
        <i3dMapping id="hyd01_out" node="0>0|0|4|5" />
        <i3dMapping id="hyd01_outDeattched" node="0>0|0|4|5|0" />
        <i3dMapping id="hyd01_outNode" node="0>0|0|4|5|0|0" />
        <i3dMapping id="hyd02" node="0>0|0|0|1|3" />
        <i3dMapping id="hyd02Deattched" node="0>0|0|0|1|3|0" />
        <i3dMapping id="hyd02Node" node="0>0|0|0|1|3|0|0" />
        <i3dMapping id="rearPlateNumber_01_1" node="0>0|1|0|0"/>
        <i3dMapping id="rearPlateNumber_01_2" node="0>0|1|0|1"/>
        <i3dMapping id="rearMultipointLight_03_left" node="0>0|1|0|2"/>
        <i3dMapping id="rearMultipointLight_03_right" node="0>0|1|0|3"/>
        <i3dMapping id="yellowRectangle_01_1" node="0>0|1|0|4"/>
        <i3dMapping id="yellowRectangle_01_2" node="0>0|1|0|5"/>
        <i3dMapping id="yellowRectangle_01_3" node="0>0|1|0|6"/>
        <i3dMapping id="yellowRectangle_01_4" node="0>0|1|0|7"/>
        <i3dMapping id="yellowRectangle_01_5" node="0>0|1|0|8"/>
        <i3dMapping id="yellowRectangle_01_6" node="0>0|1|0|9"/>
        <i3dMapping id="redTriangle_02" node="0>0|1|0|10"/>
        <i3dMapping id="yellowRectangle_01" node="0>0|1|0|11"/>
        <i3dMapping id="yellowRectangle_02" node="0>0|1|0|12"/>
        <i3dMapping id="yellowRectangle_03" node="0>0|1|0|13"/>
        <i3dMapping id="yellowRectangle_04" node="0>0|1|0|14"/>
        <i3dMapping id="yellowRectangle_05" node="0>0|1|0|15"/>
        <i3dMapping id="yellowRectangle_06" node="0>0|1|0|16"/>
        <i3dMapping id="yellowRectangle_07" node="0>0|1|0|17"/>
        <i3dMapping id="yellowRectangle_08" node="0>0|1|0|18"/>
        <i3dMapping id="backLightsHigh" node="0>0|1|1|0"/>
        <i3dMapping id="turnLightLeftBack" node="0>0|1|2|0|0"/>
        <i3dMapping id="turnLightRightBack" node="0>0|1|2|1|0"/>
        <i3dMapping id="reverseLight" node="0>0|1|3|0"/>
        <i3dMapping id="sheepSlots" node="0>0|2|0"/>
        <i3dMapping id="pigSlots" node="0>0|2|1"/>
        <i3dMapping id="cowSlots" node="0>0|2|2"/>
        <i3dMapping id="horseSlots" node="0>0|2|3"/>
        <i3dMapping id="axisFront" node="0>0|3|0"/>
        <i3dMapping id="wheelFrontLeft" node="0>0|3|0|0"/>
        <i3dMapping id="wheelFrontRight" node="0>0|3|0|1"/>
        <i3dMapping id="hydraulicFrontAxisRef" node="0>0|3|0|2"/>
        <i3dMapping id="axisBack" node="0>0|3|1"/>
        <i3dMapping id="wheelBackLeft" node="0>0|3|1|0"/>
        <i3dMapping id="wheelBackRight" node="0>0|3|1|1"/>
        <i3dMapping id="hydraulicBackAxisRef" node="0>0|3|1|2"/>
        <i3dMapping id="cover" node="0>0|3|2"/>
        <i3dMapping id="doorLeftBack" node="0>0|3|3|0" />
        <i3dMapping id="dlb_closeup" node="0>0|3|3|0|1" />
        <i3dMapping id="dlb_closeupPart" node="0>0|3|3|0|1|0" />
        <i3dMapping id="doorRightBack" node="0>0|3|3|1" />
        <i3dMapping id="drb_closeup" node="0>0|3|3|1|1" />
        <i3dMapping id="drb_closeupPart" node="0>0|3|3|1|1|0" />
        <i3dMapping id="doorRight" node="0>0|3|3|2" />
        <i3dMapping id="doorRightPart" node="0>0|3|3|2|0" />
        <i3dMapping id="axisHydraulics" node="0>0|4|0"/>
        <i3dMapping id="hydraulicFrontAxis" node="0>0|4|0|0"/>
        <i3dMapping id="hydraulicFrontAxisPush" node="0>0|4|0|0|0"/>
        <i3dMapping id="hydraulicBackAxis" node="0>0|4|0|1"/>
        <i3dMapping id="hydraulicBackAxisPush" node="0>0|4|0|1|0"/>
        <i3dMapping id="tipOcclusionArea" node="0>0|5"/>
        <i3dMapping id="start" node="0>0|5|0"/>
        <i3dMapping id="width" node="0>0|5|1"/>
        <i3dMapping id="height" node="0>0|5|2"/>
        <i3dMapping id="lcPlate" node="0>0|6|3"/>
        <i3dMapping id="defaultFender" node="0>0|7|0|0" />
        <i3dMapping id="wideFender" node="0>0|7|0|1" />
		<i3dMapping id="colPart1" node="0>1" />
    </i3dMappings>
</vehicle>
