﻿<?xml version="1.0" encoding="utf-8" standalone="no"?>
<modDesc descVersion="61">
    <author>Kyosho</author>
	
    <version>1.0.0.0</version>
	
    <title>
        <en>Krone EasyFlow 380 S</en>
    </title>
	
    <description>
        <en><![CDATA[Krone EasyFlow 380 S.

Price: 25.300€
Working width: 3.8 meters]]></en>
        <de><![CDATA[Krone EasyFlow 380 S.

Preis: 25.300€
Arbeitsbreite: 3,8 Meter]]></de>
        <fr><![CDATA[Krone EasyFlow 380 S.

Prix: 25.300€
Largeur de travail : 3,8 mètres]]></fr>
    </description>
	
    <iconFilename>icon_kroneEasyFlow380S.png</iconFilename>
	
    <multiplayer supported="true"/>
    <storeItems>
        <storeItem xmlFilename="vehicles/easyFlow380S/kroneEasyFlow380S.xml"/>
    </storeItems>
	
    <l10n>
        <text name="Sicherheitsausstattung">
            <en>Safety equipment</en>
            <de>Sicherheitsausstattung</de>
            <fr>Équipement de sécurité</fr>
        </text>
        <text name="Warntafel">
            <en>Warning sign</en>
            <de>Warntafel</de>
            <fr>Signe d'avertissement</fr>
        </text>
        <text name="Standard">
            <en>Standard</en>
            <de>Standard</de>
            <fr>Standard</fr>
        </text>
    </l10n>
	
</modDesc>
