﻿<?xml version="1.0" encoding="utf-8" standalone="no"?>
<vehicle type="tractor" xmlns:xsi="http://www.w3.org/2001/XMLSchema-instance" xsi:noNamespaceSchemaLocation="../../../../shared/xml/schema/vehicle.xsd">
    <annotation>Copyright (C) GIANTS Software GmbH, All Rights Reserved.</annotation>
	
    <storeData>
        <name>TGS 26.480 6x6 Tank</name>
        <specs>
            <power>480</power>
            <maxSpeed>80</maxSpeed>
        </specs>
        <functions>
            <function>$l10n_function_truck</function>
            <function>$l10n_function_tank</function>
        </functions>
        <image>store_manTGS26480Tank.dds</image>
        <price>183000</price>
        <lifetime>600</lifetime>
        <rotation>0</rotation>
        <brand>MAN</brand>
        <category>trucks</category>
        <shopTranslationOffset>0 0.2 0</shopTranslationOffset>
        <vertexBufferMemoryUsage>4760832</vertexBufferMemoryUsage>
        <indexBufferMemoryUsage>815360</indexBufferMemoryUsage>
        <textureMemoryUsage>7864320</textureMemoryUsage>
        <audioMemoryUsage>467580</audioMemoryUsage>
        <instanceVertexBufferMemoryUsage>0</instanceVertexBufferMemoryUsage>
        <instanceIndexBufferMemoryUsage>0</instanceIndexBufferMemoryUsage>
    </storeData>
	
    <base>
        <typeDesc>$l10n_typeDesc_truck</typeDesc>
        <filename>manTGS26480Tank.i3d</filename>
        <sounds filename="sounds/tgs26480.xml"/>
        <size width="3.5" length="7" lengthOffset="-0.2"/>
        <components>
            <component centerOfMass="0 0.43 0" solverIterationCount="10" mass="7250"/>
        </components>
        <schemaOverlay attacherJointPosition="0 0" name="TRUCK" />
        <mapHotspot type="TRUCK" />
    </base>
	
    <wheels>
        <wheelConfigurations>
            <wheelConfiguration name="$l10n_configuration_valueDefault" price="0" brand="TRELLEBORG" saveId="TRELLEBORG_DEFAULT">
                <wheels autoRotateBackSpeed="2.2">
                    <wheel filename="$data/shared/wheels/tires/trelleborg/TwinRadial/500_60R22_5.xml" configId="truckFront" isLeft="true" hasTireTracks="true" hasParticles="true" >
                        <physics rotSpeed="1"  restLoad="2.4" repr="axisFrontLeft"  driveNode="wheelFrontLeft"  forcePointRatio="0.5" initialCompression="35" suspTravel="0.23" spring="28" damper="40" frictionScale="2" />
                    </wheel>
                    <wheel filename="$data/shared/wheels/tires/trelleborg/TwinRadial/500_60R22_5.xml" configId="truckFront" isLeft="false" hasTireTracks="true" hasParticles="true" >
                        <physics rotSpeed="1"  restLoad="2.4" repr="axisFrontRight" driveNode="wheelFrontRight" forcePointRatio="0.5" initialCompression="35" suspTravel="0.23" spring="28" damper="40" frictionScale="2" />
                    </wheel>
                    <wheel filename="$data/shared/wheels/tires/trelleborg/TwinRadial/500_60R22_5.xml" isLeft="true" hasParticles="true" >
                        <physics rotSpeed="0"  restLoad="1.7" repr="wheelBackLeft"  forcePointRatio="0.5" initialCompression="15" suspTravel="0.23"  spring="42" damper="40" frictionScale="1.9" />
                    </wheel>
                    <wheel filename="$data/shared/wheels/tires/trelleborg/TwinRadial/500_60R22_5.xml" isLeft="false" hasParticles="true" >
                        <physics rotSpeed="0"  restLoad="1.7" repr="wheelBackRight" forcePointRatio="0.5" initialCompression="15" suspTravel="0.23"  spring="42" damper="40" frictionScale="1.9" />
                    </wheel>
                    <wheel filename="$data/shared/wheels/tires/trelleborg/TwinRadial/500_60R22_5.xml" isLeft="true" hasTireTracks="true" hasParticles="true" >
                        <physics rotSpeed="0"  restLoad="1.6" repr="wheelBackLeft2"  forcePointRatio="0.5" initialCompression="15" suspTravel="0.23"  spring="42" damper="40" frictionScale="1.9" />
                    </wheel>
                    <wheel filename="$data/shared/wheels/tires/trelleborg/TwinRadial/500_60R22_5.xml" isLeft="false" hasTireTracks="true" hasParticles="true" >
                        <physics rotSpeed="0"  restLoad="1.6" repr="wheelBackRight2" forcePointRatio="0.5" initialCompression="15" suspTravel="0.23"  spring="42" damper="40" frictionScale="1.9" />
                    </wheel>
                </wheels>
            </wheelConfiguration>
			
            <wheelConfiguration name="$l10n_configuration_valueDefault" price="0" brand="LIZARD">
                <wheels autoRotateBackSpeed="2.2">
                    <wheel filename="$data/shared/wheels/tires/lizard/implement/315_80R22_5.xml" configId="man" isLeft="true" hasTireTracks="true" hasParticles="true" >
                        <physics rotSpeed="1"  restLoad="2.4" repr="axisFrontLeft"  driveNode="wheelFrontLeft"  forcePointRatio="0.5" initialCompression="35" suspTravel="0.23" spring="28" damper="40" frictionScale="2" />
                    </wheel>
                    <wheel filename="$data/shared/wheels/tires/lizard/implement/315_80R22_5.xml" configId="man" isLeft="false" hasTireTracks="true" hasParticles="true" >
                        <physics rotSpeed="1"  restLoad="2.4" repr="axisFrontRight" driveNode="wheelFrontRight" forcePointRatio="0.5" initialCompression="35" suspTravel="0.23" spring="28" damper="40" frictionScale="2" />
                    </wheel>
                    <wheel filename="$data/shared/wheels/tires/lizard/implement/315_80R22_5.xml" configId="dual" isLeft="true" hasParticles="true" >
                        <physics rotSpeed="0"  restLoad="1.7" repr="wheelBackLeft"  forcePointRatio="0.5" initialCompression="15" suspTravel="0.19"  spring="49" damper="40" frictionScale="1.9" />
                        <additionalWheel filename="$data/shared/wheels/tires/lizard/implement/315_80R22_5.xml" configId="dualConnector" isLeft="true" offset="0.08" />
                    </wheel>
                    <wheel filename="$data/shared/wheels/tires/lizard/implement/315_80R22_5.xml" configId="dual" isLeft="false" hasParticles="true" >
                        <physics rotSpeed="0"  restLoad="1.7" repr="wheelBackRight" forcePointRatio="0.5" initialCompression="15" suspTravel="0.19"  spring="49" damper="40" frictionScale="1.9" />
                        <additionalWheel filename="$data/shared/wheels/tires/lizard/implement/315_80R22_5.xml" configId="dualConnector" isLeft="false" offset="0.08" />
                    </wheel>
                    <wheel filename="$data/shared/wheels/tires/lizard/implement/315_80R22_5.xml" configId="dual" isLeft="true" hasTireTracks="true" hasParticles="true">
                        <physics rotSpeed="0" restLoad="1.6" repr="wheelBackLeft2" forcePointRatio="0.5" initialCompression="15" suspTravel="0.19" spring="49" damper="40" frictionScale="1.9"/>
                        <additionalWheel filename="$data/shared/wheels/tires/lizard/implement/315_80R22_5.xml" configId="dualConnector" isLeft="true" offset="0.08"/>
                    </wheel>
                    <wheel filename="$data/shared/wheels/tires/lizard/implement/315_80R22_5.xml" configId="dual" isLeft="false" hasTireTracks="true" hasParticles="true">
                        <physics rotSpeed="0" restLoad="1.6" repr="wheelBackRight2" forcePointRatio="0.5" initialCompression="15" suspTravel="0.19" spring="49" damper="40" frictionScale="1.9"/>
                        <additionalWheel filename="$data/shared/wheels/tires/lizard/implement/315_80R22_5.xml" configId="dualConnector" isLeft="false" offset="0.08"/>
                    </wheel>
                </wheels>
                <objectChange node="wheelBackLeft" translationActive="0.735 0.525 -2.045"/>
                <objectChange node="wheelBackRight" translationActive="-0.735 0.525 -2.045"/>
                <objectChange node="wheelBackLeft2" translationActive="0.735 0.525 -3.36"/>
                <objectChange node="wheelBackRight2" translationActive="-0.735 0.525 -3.36"/>
            </wheelConfiguration>
			
            <wheelConfiguration name="$l10n_configuration_valueDefault" price="0" brand="CONTINENTAL">
                <wheels autoRotateBackSpeed="2.2">
                    <wheel filename="$data/shared/wheels/tires/continental/contiCrossTracHS3/315_80R22_5.xml" configId="truckFront" isLeft="true"  hasTireTracks="true" hasParticles="true" >
                        <physics rotSpeed="1"  restLoad="2.4" repr="axisFrontLeft"  driveNode="wheelFrontLeft"  forcePointRatio="0.5" initialCompression="35" suspTravel="0.23" spring="28" damper="40" frictionScale="2" />
                    </wheel>
                    <wheel filename="$data/shared/wheels/tires/continental/contiCrossTracHS3/315_80R22_5.xml" configId="truckFront" isLeft="false" hasTireTracks="true" hasParticles="true" >
                        <physics rotSpeed="1"  restLoad="2.4" repr="axisFrontRight" driveNode="wheelFrontRight" forcePointRatio="0.5" initialCompression="35" suspTravel="0.23" spring="28" damper="40" frictionScale="2" />
                    </wheel>
                    <wheel filename="$data/shared/wheels/tires/continental/contiCrossTracHD3/315_80R22_5.xml" configId="dual" isLeft="true"  hasTireTracks="true" hasParticles="true" >
                        <physics rotSpeed="0"  restLoad="1.7" repr="wheelBackLeft"  forcePointRatio="0.5" initialCompression="15" suspTravel="0.19"  spring="49" damper="40" frictionScale="1.9" />
                        <additionalWheel filename="$data/shared/wheels/tires/continental/contiCrossTracHD3/315_80R22_5.xml" configId="dualConnector" isLeft="true" offset="0.06" />
                    </wheel>
                    <wheel filename="$data/shared/wheels/tires/continental/contiCrossTracHD3/315_80R22_5.xml" configId="dual" isLeft="false" hasTireTracks="true" hasParticles="true" >
                        <physics rotSpeed="0"  restLoad="1.7" repr="wheelBackRight" forcePointRatio="0.5" initialCompression="15" suspTravel="0.19"  spring="49" damper="40" frictionScale="1.9" />
                        <additionalWheel filename="$data/shared/wheels/tires/continental/contiCrossTracHD3/315_80R22_5.xml" configId="dualConnector" isLeft="false" offset="0.06" />
                    </wheel>
                    <wheel filename="$data/shared/wheels/tires/continental/contiCrossTracHD3/315_80R22_5.xml" configId="dual" isLeft="true"  hasTireTracks="true" hasParticles="true" >
                        <physics rotSpeed="0"  restLoad="1.6" repr="wheelBackLeft2"  forcePointRatio="0.5" initialCompression="15" suspTravel="0.19"  spring="49" damper="40" frictionScale="1.9" yOffset="-0.012" />
                        <additionalWheel filename="$data/shared/wheels/tires/continental/contiCrossTracHD3/315_80R22_5.xml" configId="dualConnector" isLeft="true" offset="0.06" />
                    </wheel>
                    <wheel filename="$data/shared/wheels/tires/continental/contiCrossTracHD3/315_80R22_5.xml" configId="dual" isLeft="false" hasTireTracks="true" hasParticles="true" >
                        <physics rotSpeed="0"  restLoad="1.6" repr="wheelBackRight2" forcePointRatio="0.5" initialCompression="15" suspTravel="0.19"  spring="49" damper="40" frictionScale="1.9" yOffset="-0.012" />
                        <additionalWheel filename="$data/shared/wheels/tires/continental/contiCrossTracHD3/315_80R22_5.xml" configId="dualConnector" isLeft="false" offset="0.06" />
                    </wheel>
                </wheels>
                <objectChange node="wheelBackLeft" translationActive="0.735 0.525 -2.045"/>
                <objectChange node="wheelBackRight" translationActive="-0.735 0.525 -2.045"/>
                <objectChange node="wheelBackLeft2" translationActive="0.735 0.525 -3.36"/>
                <objectChange node="wheelBackRight2" translationActive="-0.735 0.525 -3.36"/>
            </wheelConfiguration>
        </wheelConfigurations>
		
        <ackermannSteeringConfigurations>
            <ackermannSteering rotSpeed="40" rotMax="45" rotCenterWheel1="3" rotCenterWheel2="4" />
        </ackermannSteeringConfigurations>
		
        <hubs>
            <color0>SHARED_BLACK2</color0>
            <color1>SHARED_GREY1</color1>
            <hub linkNode="wheelBackLeft"   filename="$data/shared/wheels/hubs/hub_n10_13.xml" isLeft="true"  scale="0.33 0.33 0.33" />
            <hub linkNode="wheelBackRight"  filename="$data/shared/wheels/hubs/hub_n10_13.xml" isLeft="false" scale="0.33 0.33 0.33" />
            <hub linkNode="wheelBackLeft2"   filename="$data/shared/wheels/hubs/hub_n10_13.xml" isLeft="true"  scale="0.33 0.33 0.33" />
            <hub linkNode="wheelBackRight2"  filename="$data/shared/wheels/hubs/hub_n10_13.xml" isLeft="false" scale="0.33 0.33 0.33" />
            <hub linkNode="wheelFrontLeft"   filename="$data/shared/wheels/hubs/hub_n10_13.xml" isLeft="true"  scale="0.33 0.33 0.33" />
            <hub linkNode="wheelFrontRight"  filename="$data/shared/wheels/hubs/hub_n10_13.xml" isLeft="false" scale="0.33 0.33 0.33" />
        </hubs>
    </wheels>
	
    <rimColorConfigurations useDefaultColors="false" price="300" >
        <rimColorConfiguration name="$l10n_configuration_MAN_BEIGECLASSIC" color="MAN_BEIGECLASSIC"/>
        <rimColorConfiguration name="$l10n_configuration_MAN_BEIGE_1" color="MAN_BEIGE_1"/>
        <rimColorConfiguration name="$l10n_configuration_MAN_BEIGE_2" color="MAN_BEIGE_2"/>
        <rimColorConfiguration name="$l10n_configuration_MAN_BEIGE_3" color="MAN_BEIGE_3"/>
        <rimColorConfiguration name="$l10n_configuration_grey" color="SHARED_GREY1"/>
        <rimColorConfiguration name="$l10n_configuration_polished_metal" color="0.98 0.98 0.98" material="8" />
        <rimColorConfiguration name="$l10n_configuration_GOLD" color="VALTRA_GOLD1" material="35"/>
    </rimColorConfigurations>

    <dynamicallyLoadedParts>
        <dynamicallyLoadedPart node="0" linkNode="wheelChock01" filename="$data/shared/assets/wheelChocks/wheelChock01.i3d"/>
    </dynamicallyLoadedParts>
	
    <lights>
        <sharedLight linkNode="workingLightSquare_01" lightTypes="1" filename="$data/shared/assets/lights/lizard/workingLight08.xml" >
            <rotationNode name="rotationNode1" rotation="10 0 0" />
        </sharedLight>
        <sharedLight linkNode="workingLightSquare_02" lightTypes="1" filename="$data/shared/assets/lights/lizard/workingLight08.xml" >
            <rotationNode name="rotationNode1" rotation="10 0 0" />
        </sharedLight>
        <sharedLight linkNode="frontLightCone_01_01" filename="$data/shared/assets/lights/lizard/frontLight02.xml" />
        <sharedLight linkNode="frontLightCone_01_02" filename="$data/shared/assets/lights/lizard/frontLight02.xml" />

        <sharedLight linkNode="workingLightOval_02_01" lightTypes="2" filename="$data/shared/assets/lights/lizard/workingLight04.xml" >
            <rotationNode name="rotationNode1" rotation="10 0 0" />
        </sharedLight>
        <sharedLight linkNode="workingLightOval_02_02" lightTypes="2" filename="$data/shared/assets/lights/lizard/workingLight04.xml" >
            <rotationNode name="rotationNode1" rotation="10 0 0" />
        </sharedLight>
        <sharedLight linkNode="workingLightOval_02_03" lightTypes="2" filename="$data/shared/assets/lights/lizard/workingLight04.xml" >
            <rotationNode name="rotationNode1" rotation="30 0 0" />
        </sharedLight>
        <sharedLight linkNode="workingLightOval_02_04" lightTypes="2" filename="$data/shared/assets/lights/lizard/workingLight04.xml" >
            <rotationNode name="rotationNode1" rotation="30 0 0" />
        </sharedLight>

        <sharedLight linkNode="rearMultipointLED_02" node="0" filename="$data/shared/assets/lights/lizard/rearLight29_right.xml" />
        <sharedLight linkNode="rearMultipointLED_01" node="0" filename="$data/shared/assets/lights/lizard/rearLight29_left.xml" />

        <states>
            <state lightTypes="0" />
            <state lightTypes="0 1" />
            <state lightTypes="0 1 2" />
        </states>

        <realLights>
            <low>
                <light node="frontLightLow"         lightTypes="0 1" excludedLightTypes="2 3" />
                <light node="workLightBackLow"      lightTypes="1" />
                <light node="workLightFrontLow"     lightTypes="2" />
                <light node="highBeamLow"           lightTypes="3" />
            </low>
            <high>
                <light node="frontLightHigh"        lightTypes="0 1" excludedLightTypes="2 3" />
                <light node="workLightBackHigh1"    lightTypes="1"/>
                <light node="workLightFrontHigh1"   lightTypes="2"/>
                <light node="highBeamHigh"          lightTypes="3"/>
                <light node="backLightsHigh1"       lightTypes="0"/>
                <brakeLight node="backLightsHigh1" />
                <turnLightLeft node="turnLightLeftFront" />
                <turnLightRight node="turnLightRightFront" />
                <reverseLight node="reverseLight" />
                <interiorLight node="interiorScreenLight"/>
            </high>
        </realLights>

        <defaultLights>
            <defaultLight shaderNode="frontlightStatic" lightTypes="0 3"/>
            <defaultLight shaderNode="frontlightStatic1" lightTypes="0 3"/>
            <defaultLight shaderNode="frontlight2Static" lightTypes="3"/>
        </defaultLights>

        <turnLights>
            <turnLightLeft shaderNode="turnlightLeftStatic" />
            <turnLightRight shaderNode="turnlightRightStatic" />
            <turnLightLeft shaderNode="turnlightLeft2Static" />
            <turnLightRight shaderNode="turnlightRight2Static" />
        </turnLights>

        <beaconLights>
            <beaconLight node="beaconLightLeft" filename="$data/shared/assets/beaconLights/lizard/beaconLight01.xml" />
            <beaconLight node="beaconLightRight" filename="$data/shared/assets/beaconLights/lizard/beaconLight01.xml" />
        </beaconLights>

        <dashboards>
			<dashboard displayType="EMITTER" valueType="lightState" node="worklightFrontDecal" baseColor="BLACK" emitColor="GREEN" intensity="0.5" lightTypes="1" groups="MOTOR_ACTIVE"/>
			<dashboard displayType="EMITTER" valueType="lightState" node="worklightBackDecal" baseColor="BLACK" emitColor="GREEN" intensity="0.5" lightTypes="2" groups="MOTOR_ACTIVE"/>
			<dashboard displayType="EMITTER" valueType="beaconLight" node="rulDecal" baseColor="BLACK" emitColor="RED" intensity="4" groups="MOTOR_ACTIVE"/>
            <dashboard displayType="EMITTER" valueType="lightState" node="lightOnDecal" baseColor="BLACK" emitColor="GREEN" intensity="0.5" lightTypes="0" groups="MOTOR_ACTIVE"/>
			
            <dashboard displayType="EMITTER" valueType="lightState"      node="0>0|5|0|4|7" intensity="0.1" lightTypes="0" groups="MOTOR_ACTIVE"/>
            <dashboard displayType="EMITTER" valueType="lightState"      node="0>0|5|0|4|8" intensity="0.1" lightTypes="0" groups="MOTOR_ACTIVE"/>
            <dashboard displayType="EMITTER" valueType="lightState"      node="0>0|5|0|4|1|0" intensity="0.1" lightTypes="0" groups="MOTOR_ACTIVE"/>
            <dashboard displayType="EMITTER" valueType="lightState"      node="0>0|5|0|4|0|0" intensity="0.1" lightTypes="0" groups="MOTOR_ACTIVE"/>
            <dashboard displayType="EMITTER" valueType="lightState"      node="0>0|5|0|4|2|0" intensity="0.1" lightTypes="0" groups="MOTOR_ACTIVE"/>
            <dashboard displayType="EMITTER" valueType="lightState"      node="0>0|5|0|4|4" intensity="0.1" lightTypes="0" groups="MOTOR_ACTIVE"/>
            <dashboard displayType="EMITTER" valueType="lightState"      node="0>0|5|0|4|3|0" intensity="0.1" lightTypes="0" groups="MOTOR_ACTIVE"/>
            <dashboard displayType="EMITTER" valueType="turnLightLeft"   node="turnlightLeftDecal"  baseColor="BLACK" emitColor="GREEN" groups="MOTOR_ACTIVE"/>
            <dashboard displayType="EMITTER" valueType="turnLightRight"  node="turnlightRightDecal" baseColor="BLACK" emitColor="GREEN" groups="MOTOR_ACTIVE"/>
        </dashboards>
    </lights>
	
    <licensePlates>
        <licensePlate node="licensePlateFront" position="FRONT" preferedType="ELONGATED" placementArea="0.1 0.3 0.08 0.3"/>
        <licensePlate node="licensePlateBack"  position="BACK"  preferedType="ELONGATED" placementArea="0.08 0.28 0.15 0.28"/>
    </licensePlates>
	
    <speedRotatingParts>
        <speedRotatingPart node="pto1" radius="0.1" />
        <speedRotatingPart node="pto2" radius="0.1" />
        <speedRotatingPart node="pto3" radius="0.1" />
        <speedRotatingPart node="pto4" radius="0.1" />
        <speedRotatingPart node="pto5" radius="0.1" />
        <speedRotatingPart node="pto6" radius="0.1" />
        <speedRotatingPart node="pto7" radius="0.1" />
        <speedRotatingPart node="pto8" radius="0.1" />
    </speedRotatingParts>
	
    <connectionHoses>
        <target attacherJointIndices="1 2" type="hydraulicIn" node="hydraulic02_in"/>
        <target attacherJointIndices="1 2" type="hydraulicOut" node="hydraulic02_out"/>
        <target attacherJointIndices="1 2" type="hydraulicIn" node="hydraulic03_in"/>
        <target attacherJointIndices="1 2" type="hydraulicOut" node="hydraulic03_out"/>
        <target attacherJointIndices="1 2" type="electric" node="frontElectric" socket="electric"/>
        <target attacherJointIndices="1 2" type="airDoubleRed" node="airDoubleStorage"/>
        <target attacherJointIndices="1 2" type="airDoubleYellow" node="airDoubleControl"/>
        <target attacherJointIndices="4"   type="electric" node="semiElectric" socket="electric"/>
        <target attacherJointIndices="4" type="airDoubleRed" node="airDoubleStorage02" socket="air_red"/>
        <target attacherJointIndices="4" type="airDoubleYellow" node="airDoubleControl02" socket="air_yellow"/>
        <target attacherJointIndices="4" type="hydraulicIn" node="hydraulic04_in"/>
        <target attacherJointIndices="4" type="hydraulicOut" node="hydraulic04_out"/>
    </connectionHoses>
	
    <enterable isTabbable="true" >
        <enterReferenceNode node="tgs26500_main_component1" />
        <exitPoint node="exitPoint" />

        <cameras>
            <camera node="outdoorCamera1" rotatable="true" rotateNode="outdoorCameraTarget" limit="true" useWorldXZRotation="true" rotMinX="-1.4" rotMaxX="1" transMin="4.5" transMax="40" translation="0 0 9" rotation="-20 180 0">
                <raycastNode node="cameraRaycastNode1"/>
                <raycastNode node="cameraRaycastNode2"/>
                <raycastNode node="cameraRaycastNode3"/>
            </camera>
            <camera node="indoorCamera1" rotatable="true" limit="true" rotMinX="-1.1" rotMaxX="0.4" transMin="0" transMax="0" useMirror="true" isInside="true" positionSmoothingParameter="0.4" shadowFocusBox="shadowFocusBox" suspensionNodeIndex="2"/>
        </cameras>

        <characterNode node="playerSkin" cameraMinDistance="1.5" spineRotation="-90 0 90" >
            <target ikChain="rightFoot" targetNode="playerRightFootTargetGas" />
            <target ikChain="leftFoot"  targetNode="playerLeftFootTarget" />
            <target ikChain="rightArm"  targetNode="playerRightHandTarget" />
            <target ikChain="leftArm"   targetNode="playerLeftHandTarget" />
        </characterNode>

        <characterTargetNodeModifier node="playerRightFootTargetGas" transitionTime="0.1">
            <state node="playerRightFootTargetGas"   referenceNode="gasPedal" directionReferenceNode="playerRightFootTargetGasRef"/>
            <state node="playerRightFootTargetBrake"   referenceNode="brakePedal" directionReferenceNode="playerRightFootTargetBrakeRef"/>
        </characterTargetNodeModifier>

        <mirrors>
            <mirror node="mirrorSmallLeftDecal" prio="1" />
            <mirror node="mirrorSmallRightDecal" prio="1" />
            <mirror node="mirrorSmallFrontDecal" prio="2" />
            <mirror node="mirrorSmallSideDownDecal" prio="2" />
        </mirrors>
    </enterable>
	
    <motorized statsType="truck">
        <consumerConfigurations>
            <consumerConfiguration>
                <consumer fillUnitIndex="2" usage="150" fillType="diesel" /> <!-- usage is per hour at max load and max rpm -->
                <consumer fillUnitIndex="3" usage="20" fillType="def" /> <!-- usage is per hour at max load and max rpm -->
                <consumer fillUnitIndex="4" usage="300" fillType="air" permanentConsumption="false" refillLitersPerSecond="350" refillCapacityPercentage="0.5" /> <!-- usage per second at full brake power -->
            </consumerConfiguration>
        </consumerConfigurations>

        <differentialConfigurations>
            <differentialConfiguration>
                <differentials>
                    <differential torqueRatio="0.5" maxSpeedRatio="1.4" wheelIndex1="3" wheelIndex2="4" /> <!-- middle -->
                    <differential torqueRatio="0.5" maxSpeedRatio="1.4" wheelIndex1="5" wheelIndex2="6" /> <!-- back -->
                    <differential torqueRatio="0.5" maxSpeedRatio="1.3" differentialIndex1="1" differentialIndex2="2" /> <!-- middle-back -->
                    <differential torqueRatio="0.5" maxSpeedRatio="1.4" wheelIndex1="1" wheelIndex2="2" /> <!-- front -->
                    <differential torqueRatio="0.5" maxSpeedRatio="1.4"  differentialIndex1="3" differentialIndex2="4" /> <!-- middle-front -->
                </differentials>
            </differentialConfiguration>
        </differentialConfigurations>

        <motorConfigurations>
            <motorConfiguration name="TGS 26.480 6x6" hp="480" price="0">
                <motor torqueScale="2.298" minRpm="850" maxRpm="2200" maxForwardSpeed="83" maxBackwardSpeed="15" brakeForce="7" lowBrakeForceScale="0.22" rotInertia="0.004788">
                    <torque rpm="850" torque="0.9"/>
                    <torque rpm="1000" torque="1"/>
                    <torque rpm="1450" torque="1"/>
                    <torque rpm="1900" torque="0.75"/>
                    <torque rpm="2200" torque="0.63"/>
                    <torque rpm="2500" torque="0.2"/>
                </motor>
                <transmission minForwardGearRatio="10" maxForwardGearRatio="200" minBackwardGearRatio="40" maxBackwardGearRatio="200" name="$l10n_info_transmission_automatic"/>
                <objectChange node="decals2" visibilityActive="true"/>
                <objectChange node="decals5" visibilityActive="false"/>
            </motorConfiguration>
            <motorConfiguration name="TGS 26.500 6x6" hp="500" price="12000">
                <motor torqueScale="2.394" minRpm="850" maxRpm="2200" maxForwardSpeed="83" maxBackwardSpeed="15" brakeForce="7" lowBrakeForceScale="0.22" rotInertia="0.004788">
                    <torque rpm="850" torque="0.9"/>
                    <torque rpm="1000" torque="1"/>
                    <torque rpm="1450" torque="1"/>
                    <torque rpm="1900" torque="0.75"/>
                    <torque rpm="2200" torque="0.63"/>
                    <torque rpm="2500" torque="0.2"/>
                </motor>
                <transmission minForwardGearRatio="10" maxForwardGearRatio="200" minBackwardGearRatio="40" maxBackwardGearRatio="200" name="$l10n_info_transmission_automatic"/>
                <objectChange node="decals2" visibilityActive="false"/>
                <objectChange node="decals5" visibilityActive="true"/>
            </motorConfiguration>
        </motorConfigurations>
		
        <motorStartDuration>3300</motorStartDuration>

        <exhaustEffects>
            <exhaustEffect node="exhaustParticle" filename="$data/effects/exhaust/exhaust.i3d" minRpmColor="0.9 0.9 0.9 0.1" maxRpmColor="0.9 0.9 0.9 0.4" minRpmScale="0.05" maxRpmScale="0.5" />
        </exhaustEffects>
		
        <dashboards>
            <dashboard displayType="ANIMATION" valueType="speed"            animName="speedDisplay"  minValueAnim="0" maxValueAnim="120" groups="MOTOR_ACTIVE"/>
            <dashboard displayType="ANIMATION" valueType="motorTemperature" animName="tempDisplay"  minValueAnim="0" maxValueAnim="120" groups="MOTOR_ACTIVE"/>
            <dashboard displayType="ANIMATION" valueType="rpm"              animName="rpmDisplay"  minValueAnim="500" maxValueAnim="3000" groups="MOTOR_ACTIVE"/>
        </dashboards>
    </motorized>
	
    <drivable>
        <sounds>
            <waterSplash template="WATER_SPLASH_01" linkNode="0>" />
        </sounds>

        <steeringWheel node="steeringWheel" indoorRotation="360" outdoorRotation="25" />

        <dashboards>
            <dashboard displayType="ROT" valueType="decelerationAxis" node="brakePedal" minRot="0 0 0" maxRot="-15 0 0" doInterpolation="true" groups="MOTOR_ACTIVE"/>
            <dashboard displayType="ROT" valueType="accelerationAxis" node="gasPedal" minRot="0 0 0" maxRot="-15 0 0" doInterpolation="true" groups="MOTOR_ACTIVE"/>
        </dashboards>
    </drivable>
	
    <fillUnit>
        <fillUnitConfigurations>
            <fillUnitConfiguration>
                <fillUnits>
                    <fillUnit unitTextOverride="$l10n_unit_literShort" showOnHud="true" showInShop="true" fillTypeCategories="LIQUID SPRAYER SLURRYTANK" capacity="8000">
                        <exactFillRootNode node="exactFillRootNode" />
                    </fillUnit>
                    <fillUnit unitTextOverride="$l10n_unit_literShort" showOnHud="false" showInShop="false" fillTypes="diesel" capacity="400">
                        <dashboard displayType="ANIMATION" valueType="fillLevel" animName="fuelDisplay" groups="MOTOR_ACTIVE"/>
                    </fillUnit>
                    <fillUnit unitTextOverride="$l10n_unit_literShort" showOnHud="false" showInShop="false" showOnInfoHud="false" fillTypes="def" capacity="60"/>
                    <fillUnit unitTextOverride="$l10n_unit_literShort" showOnHud="false" showInShop="false" showOnInfoHud="false" fillTypes="air" capacity="4000"/>
                </fillUnits>
            </fillUnitConfiguration>
			
            <fillUnitConfiguration>
                <fillUnits>
                    <fillUnit unitTextOverride="$l10n_unit_literShort" showOnHud="false" showInShop="false" fillTypeCategories="LIQUID SPRAYER SLURRYTANK" capacity="0">
                        <exactFillRootNode node="exactFillRootNode" />
                    </fillUnit>
                    <fillUnit unitTextOverride="$l10n_unit_literShort" showOnHud="false" showInShop="false" fillTypes="diesel" capacity="400">
                        <dashboard displayType="ANIMATION" valueType="fillLevel" animName="fuelDisplay" groups="MOTOR_ACTIVE"/>
                    </fillUnit>
                    <fillUnit unitTextOverride="$l10n_unit_literShort" showOnHud="false" showInShop="false" showOnInfoHud="false" fillTypes="def" capacity="60"/>
                    <fillUnit unitTextOverride="$l10n_unit_literShort" showOnHud="false" showInShop="false" showOnInfoHud="false" fillTypes="air" capacity="4000"/>
                </fillUnits>
            </fillUnitConfiguration>
        </fillUnitConfigurations>
    </fillUnit>
	
    <fillTriggerVehicle triggerNode="fillTrigger" fillUnitIndex="1" litersPerSecond="350"/>
	
    <waterTrailer fillUnitIndex="1" fillLitersPerSecond="350" fillNode="0>">
        <sounds>
            <refill template="DEFAULT_REFUEL_SOUND" linkNode="0>" />
        </sounds>
    </waterTrailer>
	
    <dischargeable>
        <dischargeNode node="dischargeNode" emptySpeed="350" fillUnitIndex="1" canDischargeToGround="false">
            <info width="1.0" length="0.5" zOffset="0.4" />
            <trigger node="dischargeTrigger" />
        </dischargeNode>
    </dischargeable>
	
    <attacherJoints comboDuration="2">
        <attacherJointConfigurations>
            <attacherJointConfiguration>
                <attacherJoint node="trailerAttacherJointBack" jointType="trailer" lowerRotLimit="25 65 50" allowsJointLimitMovement="false" comboTime="1">
                    <distanceToGround lower="0.57" upper="1.03" />
                    <transNode node="trailerAttacherNode" minY="0.523" maxY="0.98" height="0.25"/>
                    <schema position="1 0" rotation="0" invertX="false" />
                    <visuals nodes="trailerAttacherNode" hide="trailerLowNode"/>
                </attacherJoint>
                <attacherJoint node="trailerAttacherJointBackLow" jointType="trailerLow" lowerRotLimit="25 65 50" lowerTransLimit="0 0 0" allowsJointLimitMovement="false" comboTime="1">
                    <distanceToGround lower="0.50" upper="1.01" />
                    <transNode node="trailerLowNode" minY="0.474" maxY="0.974" />
                    <schema position="1 0" rotation="0" invertX="false" />
                    <visuals nodes="trailerLowNode" hide="trailerAttacherNode"/>
                    <steeringBars leftNode="trailerSteeringLeftRef" rightNode="trailerSteeringRightRef" />
                </attacherJoint>
                <attacherJoint node="trailerAttacherJointFront" jointType="trailer" lowerRotLimit="10 50 50" lowerTransLimit="0 0 0" upperRotRotationOffset="0" allowsJointLimitMovement="false" comboTime="0">
                    <schema position="1 0" rotation="0" invertX="true" />
                </attacherJoint>
                <attacherJoint node="semitrailerAttacherJoint" jointType="semitrailer" allowsJointLimitMovement="false" allowsLowering="false" lowerRotLimit="6 125 15">
                    <schema position="1 0" rotation="0" invertX="false" />
                </attacherJoint>
            </attacherJointConfiguration>
        </attacherJointConfigurations>
    </attacherJoints>
	
    <powerTakeOffs>
        <output attacherJointIndices="1 2" outputNode="ptoBack" />
    </powerTakeOffs>
	
    <foldable>
        <foldingConfigurations>
            <foldingConfiguration>
                <foldingParts posDirectionText="$l10n_action_hazardousGoodsLabelOff" negDirectionText="$l10n_action_hazardousGoodsLabelOn">
                    <foldingPart animationName="warningSigns" speedScale="1" />
                </foldingParts>
            </foldingConfiguration>
        </foldingConfigurations>
    </foldable>
	
    <animations>
        <animation name="tempDisplay">
            <part node="tempNeedle" startTime="0" endTime="1" startRot="0 0 0" endRot="0 0 -50" />
        </animation>
        <animation name="fuelDisplay">
            <part node="fuelNeedle" startTime="0" endTime="1" startRot="0 0 0" endRot="0 0 -50" />
        </animation>
        <animation name="rpmDisplay">
            <part node="rpmNeedle" startTime="0" endTime="1" startRot="0 0 0" endRot="0 0 -197" />
        </animation>
        <animation name="speedDisplay">
            <part node="speedNeedle" startTime="0" endTime="1" startRot="0 0 0" endRot="0 0 -216" />
        </animation>
        <animation name="wiperFrontAnimation">
            <part node="wiperFront01" startTime="0" endTime="1" startRot="0 0 0" endRot="0 -12 -90"/>
            <part node="wiperFront01" startTime="1" endTime="2" startRot="0 -12 -90" endRot="0 0 0"/>
            <part node="wiperFront02" startTime="0" endTime="1" startRot="0 1.5 0" endRot="0 3 -90"/>
            <part node="wiperFront02" startTime="1" endTime="2" startRot="0 3 -90" endRot="0 1.5 0"/>
        </animation>
        <animation name="warningSigns">
            <part node="safetySign01" startTime="0" endTime="0.05" visibility="false" />
            <part node="safetySign01" startTime="0.05" endTime="0.1" visibility="true" />
            <part node="safetySign02" startTime="0" endTime="0.05" visibility="false" />
            <part node="safetySign02" startTime="0.05" endTime="0.1" visibility="true" />
            <part node="safetySign03" startTime="0" endTime="0.05" visibility="false" />
            <part node="safetySign03" startTime="0.05" endTime="0.1" visibility="true" />
        </animation>
        <animation name="toggleCover">
            <part node="flap02" startTime="0" endTime="1" startRot="0 0 0" endRot="-179 0 0"/>
            <part node="flap03" startTime="0" endTime="1" startRot="0 0 0" endRot="179 0 0"/>
        </animation>
    </animations>

    <wipers>
        <wiper animName="wiperFrontAnimation" >
            <state animSpeed="0.75" animPause="2.0" />
            <state animSpeed="0.75" animPause="0.0" />
            <state animSpeed="1.10" animPause="0.0" />
        </wiper>
    </wipers>

    <cylindered>
        <movingParts>
            <movingPart node="steeringBar" referencePoint="steeringBarRef" referenceFrame="steeringBarRef" isActiveDirty="true" maxUpdateDistance="40"/>
            <movingTool node="flap02" playSound="true"/>
            <movingTool node="flap03" playSound="true"/>
        </movingParts>
    </cylindered>
	
    <cover>
        <coverConfigurations>
            <coverConfiguration openCoverWhileTipping="true">
                <cover openAnimation="toggleCover" fillUnitIndices="4" />
            </coverConfiguration>
        </coverConfigurations>
    </cover>
	
    <suspensions>
        <suspension node="cabin"             weight="400" minRotation="-6 0 -6" maxRotation="6 0 6" suspensionParametersX="120 10" suspensionParametersZ="120 10" />
        <suspension node="seat"              weight="150" minTranslation="-0.05 -0.15 0.0" maxTranslation="0.05 0.15 0.0" suspensionParametersX="20 4" suspensionParametersY="5 1" suspensionParametersZ="20 4" />
        <suspension useCharacterTorso="true" weight="90" minRotation="0 -5 -5" maxRotation="0 5 5" suspensionParametersY="7 1" suspensionParametersZ="7 1" />
    </suspensions>

    <ai>
        <agent width="2.65" length="6.65" height="3.55" lengthOffset="2.15" frontOffset="3.915" />
        <collisionTrigger node="aiCollisionNode" width="3.1" height="3.5"/>
    </ai>

    <dashboard>
        <groups>
            <group name="MOTOR_STARTING" isMotorStarting="true"/>
            <group name="MOTOR_ACTIVE"   isMotorStarting="true" isMotorRunning="true"/>
        </groups>
        <default>
            <dashboard displayType="EMITTER" node="dashboardDisplayDecal" idleValue="-1" intensity="0.3" groups="MOTOR_ACTIVE" />
            <dashboard displayType="EMITTER" node="handbrakeDecal" baseColor="BLACK" emitColor="RED" idleValue="-1" intensity="0.5" groups="MOTOR_STARTING" />
        </default>
    </dashboard>

    <foliageBending>
        <bendingNode minX="-1.35" maxX="1.35" minZ="-3.15" maxZ="3.1" yOffset="0.5" />
        <bendingNode minX="-0.3" maxX="0.3" minZ="-3.5" maxZ="-3.05" yOffset="0.4" />
    </foliageBending>
	
    <baseMaterial>
        <material name="tgs18500_mat" baseNode="tgs26500_vis">
            <shaderParameter name="colorMat0" value="MAN_OLDGREEN"/>
            <shaderParameter name="colorMat2" value="MAN_BLUE6"/>
        </material>
        <material name="additionalParts_mat" baseNode="additionalParts">
            <shaderParameter name="colorMat0" value="MAN_OLDGREEN"/>
        </material>
        <material name="spoiler_mat" baseNode="spoilerM_vis">
            <shaderParameter name="colorMat0" value="MAN_OLDGREEN"/>
        </material>
        <material name="mks8_mat" baseNode="mks8Tank">
            <shaderParameter name="colorMat0" value="MAN_OLDGREEN"/>
        </material>
        <material name="tgs18500Interior_mat" baseNode="0>0|5|0|10|0|2">
            <shaderParameter name="colorMat1" value="0.58 0.567 0.448 10"/>
        </material>
    </baseMaterial>

    <baseMaterialConfigurations price="3000" useDefaultColors="false" defaultColorIndex="0">
        <baseMaterialConfiguration name="$l10n_configuration_MAN_OLDGREEN" color="MAN_OLDGREEN" material="0"/>
        <baseMaterialConfiguration name="$l10n_configuration_MAN_OLDGREEN" color="MAN_OLDGREEN" material="6"/>
        <baseMaterialConfiguration name="$l10n_configuration_MAN_RED" color="MAN_RED1" material="0"/>
        <baseMaterialConfiguration name="$l10n_configuration_MAN_RED" color="MAN_RED1" material="6"/>
        <baseMaterialConfiguration name="$l10n_configuration_MAN_YELLOW" color="MAN_YELLOW_1" material="0"/>
        <baseMaterialConfiguration name="$l10n_configuration_MAN_YELLOW" color="MAN_YELLOW_1" material="6"/>
        <baseMaterialConfiguration name="$l10n_configuration_MAN_GREEN" color="MAN_GREEN_1" material="0"/>
        <baseMaterialConfiguration name="$l10n_configuration_MAN_GREEN" color="MAN_GREEN_1" material="6"/>
        <baseMaterialConfiguration name="$l10n_configuration_MAN_BLUE1" color="MAN_BLUE1" material="0"/>
        <baseMaterialConfiguration name="$l10n_configuration_MAN_BLUE1" color="MAN_BLUE1" material="6"/>
        <baseMaterialConfiguration name="$l10n_configuration_MAN_BLUE2" color="MAN_BLUE2" material="0"/>
        <baseMaterialConfiguration name="$l10n_configuration_MAN_BLUE2" color="MAN_BLUE2" material="6"/>
        <baseMaterialConfiguration name="$l10n_configuration_MAN_BLUE3" color="MAN_BLUE3" material="0"/>
        <baseMaterialConfiguration name="$l10n_configuration_MAN_BLUE3" color="MAN_BLUE3" material="6"/>
        <baseMaterialConfiguration name="$l10n_configuration_MAN_BLUE4" color="MAN_BLUE4" material="0"/>
        <baseMaterialConfiguration name="$l10n_configuration_MAN_BLUE4" color="MAN_BLUE4" material="6"/>
        <baseMaterialConfiguration name="$l10n_configuration_MAN_BLUE7" color="MAN_BLUE7" material="0"/>
        <baseMaterialConfiguration name="$l10n_configuration_MAN_BLUE7" color="MAN_BLUE7" material="6"/>
        <baseMaterialConfiguration name="$l10n_configuration_LEMKEN_BLUE" color="LEMKEN_BLUE1" material="0"/>
        <baseMaterialConfiguration name="$l10n_configuration_LEMKEN_BLUE" color="LEMKEN_BLUE1" material="6"/>
        <baseMaterialConfiguration name="$l10n_configuration_CLAAS_WHITE" color="CLAAS_WHITE1" material="0"/>
        <baseMaterialConfiguration name="$l10n_configuration_CLAAS_WHITE" color="CLAAS_WHITE1" material="6"/>
        <baseMaterialConfiguration name="$l10n_configuration_FENDT_BLACK" color="FENDT_BLACK1" material="0"/>
        <baseMaterialConfiguration name="$l10n_configuration_FENDT_BLACK" color="FENDT_BLACK1" material="6"/>
        <baseMaterialConfiguration name="$l10n_configuration_ORANGE" color="STIHL_ORANGE_1" material="0"/>
        <baseMaterialConfiguration name="$l10n_configuration_ORANGE" color="STIHL_ORANGE_1" material="6"/>
		<baseMaterialConfiguration name="$l10n_configuration_GOLD" color="VALTRA_GOLD1" material="35"/>
        <material name="tgs18500_mat" shaderParameter="colorMat0"/>
        <material name="additionalParts_mat" shaderParameter="colorMat0"/>
        <material name="spoiler_mat" shaderParameter="colorMat0"/>
    </baseMaterialConfigurations>
	
	<designMaterialConfigurations price="3000" useDefaultColors="false" defaultColorIndex="0">
        <designMaterialConfiguration name="$l10n_configuration_MAN_OLDGREEN" color="MAN_OLDGREEN" material="0"/>
        <designMaterialConfiguration name="$l10n_configuration_MAN_OLDGREEN" color="MAN_OLDGREEN" material="6"/>
        <designMaterialConfiguration name="$l10n_configuration_MAN_RED" color="MAN_RED1" material="0"/>
        <designMaterialConfiguration name="$l10n_configuration_MAN_RED" color="MAN_RED1" material="6"/>
        <designMaterialConfiguration name="$l10n_configuration_MAN_YELLOW" color="MAN_YELLOW_1" material="0"/>
        <designMaterialConfiguration name="$l10n_configuration_MAN_YELLOW" color="MAN_YELLOW_1" material="6"/>
        <designMaterialConfiguration name="$l10n_configuration_MAN_GREEN" color="MAN_GREEN_1" material="0"/>
        <designMaterialConfiguration name="$l10n_configuration_MAN_GREEN" color="MAN_GREEN_1" material="6"/>
        <designMaterialConfiguration name="$l10n_configuration_MAN_BLUE1" color="MAN_BLUE1" material="0"/>
        <designMaterialConfiguration name="$l10n_configuration_MAN_BLUE1" color="MAN_BLUE1" material="6"/>
        <designMaterialConfiguration name="$l10n_configuration_MAN_BLUE2" color="MAN_BLUE2" material="0"/>
        <designMaterialConfiguration name="$l10n_configuration_MAN_BLUE2" color="MAN_BLUE2" material="6"/>
        <designMaterialConfiguration name="$l10n_configuration_MAN_BLUE3" color="MAN_BLUE3" material="0"/>
        <designMaterialConfiguration name="$l10n_configuration_MAN_BLUE3" color="MAN_BLUE3" material="6"/>
        <designMaterialConfiguration name="$l10n_configuration_MAN_BLUE4" color="MAN_BLUE4" material="0"/>
        <designMaterialConfiguration name="$l10n_configuration_MAN_BLUE4" color="MAN_BLUE4" material="6"/>
        <designMaterialConfiguration name="$l10n_configuration_MAN_BLUE7" color="MAN_BLUE7" material="0"/>
        <designMaterialConfiguration name="$l10n_configuration_MAN_BLUE7" color="MAN_BLUE7" material="6"/>
        <designMaterialConfiguration name="$l10n_configuration_LEMKEN_BLUE" color="LEMKEN_BLUE1" material="0"/>
        <designMaterialConfiguration name="$l10n_configuration_LEMKEN_BLUE" color="LEMKEN_BLUE1" material="6"/>
        <designMaterialConfiguration name="$l10n_configuration_CLAAS_WHITE" color="CLAAS_WHITE1" material="0"/>
        <designMaterialConfiguration name="$l10n_configuration_CLAAS_WHITE" color="CLAAS_WHITE1" material="6"/>
        <designMaterialConfiguration name="$l10n_configuration_FENDT_BLACK" color="FENDT_BLACK1" material="0"/>
        <designMaterialConfiguration name="$l10n_configuration_FENDT_BLACK" color="FENDT_BLACK1" material="6"/>
        <designMaterialConfiguration name="$l10n_configuration_ORANGE" color="STIHL_ORANGE_1" material="0"/>
        <designMaterialConfiguration name="$l10n_configuration_ORANGE" color="STIHL_ORANGE_1" material="6"/>
		<designMaterialConfiguration name="$l10n_configuration_GOLD" color="VALTRA_GOLD1" material="35"/>
		<designMaterialConfiguration name="$l10n_configuration_polished_metal" color="0.98 0.98 0.98" material="8"/>
        <designMaterialConfiguration name="$l10n_ui_colorChrome" color="SHARED_WHITE2" material="2" price="4000" uiColor="SHARED_GREY1"/>
		<material name="mks8_mat" shaderParameter="colorMat0"/>
    </designMaterialConfigurations>
	
    <designMaterial2Configurations price="230" useDefaultColors="false" title="$l10n_title_space">
        <designMaterial2Configuration name="$l10n_configuration_valueDefault" color="0.58 0.567 0.448" material="10"/>
        <designMaterial2Configuration name="$l10n_configuration_valueDefault" color="0.58 0.567 0.448" material="17"/>
        <designMaterial2Configuration name="$l10n_configuration_MAN_BLUE1" color="MAN_BLUE1" material="10"/>
        <designMaterial2Configuration name="$l10n_configuration_MAN_BLUE1" color="MAN_BLUE1" material="17"/>
        <designMaterial2Configuration name="$l10n_configuration_MAN_BLUE4" color="MAN_BLUE4" material="10"/>
        <designMaterial2Configuration name="$l10n_configuration_MAN_BLUE4" color="MAN_BLUE4" material="17"/>
        <material name="tgs18500Interior_mat" shaderParameter="colorMat1"/>
    </designMaterial2Configurations>
	
    <designConfigurations>
        <designConfiguration name="$l10n_configuration_valueDefault" price="0" >
            <objectChange node="decalWarning" visibilityActive="false" />
            <objectChange node="decalWarningCabin" visibilityActive="false" />
            <objectChange node="decalsLion" visibilityActive="false" />
        </designConfiguration>
        <designConfiguration name="$l10n_configuration_valueLion" price="500" >
            <objectChange node="decalWarning" visibilityActive="false" />
            <objectChange node="decalWarningCabin" visibilityActive="false" />
            <objectChange node="decalsLion" visibilityActive="true" />
        </designConfiguration>
        <designConfiguration name="$l10n_configuration_valueStrip" price="1276" >
            <objectChange node="decalWarning" visibilityActive="true" />
            <objectChange node="decalWarningCabin" visibilityActive="true" />
            <objectChange node="decalsLion" visibilityActive="false" />
        </designConfiguration>
        <designConfiguration name="$l10n_configuration_valueAll" price="1776" >
            <objectChange node="decalWarning" visibilityActive="true" />
            <objectChange node="decalWarningCabin" visibilityActive="true" />
            <objectChange node="decalsLion" visibilityActive="true" />
        </designConfiguration>
    </designConfigurations>
	
	<vehicleTypeConfigurations title="$l10n_title_cabin">
		<vehicleTypeConfiguration name="$l10n_configuration_valueCabinM" price="0" vehicleType="manTGSTank">
			<objectChange node="workingLightSquare_01" visibilityActive="true" />
			<objectChange node="workingLightSquare_02" visibilityActive="true" />
			<objectChange node="workLightBackHigh1" visibilityActive="true" />
			<objectChange node="workLightBackLow" visibilityActive="true" />
			<objectChange node="cabinM" visibilityActive="true" />
			<objectChange node="spoilerM_vis" visibilityActive="false" />
        </vehicleTypeConfiguration>
		<vehicleTypeConfiguration name="$l10n_configuration_valueExtensionM" price="1290" vehicleType="manTGSTank">
			<objectChange node="workingLightSquare_01" visibilityActive="true" />
			<objectChange node="workingLightSquare_02" visibilityActive="true" />
			<objectChange node="workLightBackHigh1" visibilityActive="true" />
			<objectChange node="workLightBackLow" visibilityActive="true" />
			<objectChange node="cabinM" visibilityActive="true" />
			<objectChange node="spoilerM_vis" visibilityActive="true" />
        </vehicleTypeConfiguration>
	</vehicleTypeConfigurations>
	
    <design2Configurations>
        <design2Configuration name="$l10n_configuration_valueYes" price="0" >
            <objectChange node="mks8Tank" visibilityActive="true" visibilityInactive="false"/>
            <objectChange node="couplingPlate" visibilityActive="false" visibilityInactive="false"/>
        </design2Configuration>
        <design2Configuration name="$l10n_configuration_valueNo" price="300" >
            <objectChange node="mks8Tank" visibilityActive="false" visibilityInactive="false"/>
            <objectChange node="colTank" compoundChildActive="false" />
            <objectChange node="couplingPlate" visibilityActive="true" visibilityInactive="false"/>
        </design2Configuration>
    </design2Configurations>
	
    <configurationSets title="$l10n_title_barrel">
        <configurationSet name="$l10n_configuration_valueYes" >
            <configuration name="fillUnit" index="1" />
            <configuration name="design2" index="1" />
        </configurationSet>
        <configurationSet name="$l10n_configuration_valueNo" >
            <configuration name="fillUnit" index="2" />
            <configuration name="design2" index="2" />
        </configurationSet>
    </configurationSets>

    <wearable wearDuration="480" workMultiplier="5" fieldMultiplier="2"/>
    <washable dirtDuration="90" washDuration="1" workMultiplier="3" fieldMultiplier="2"/>
	
    <i3dMappings>
		<i3dMapping id="tgs26500_main_component1" node="0>"/>
		<i3dMapping id="tgs26500_vis" node="0>0"/>
		<i3dMapping id="wheels" node="0>0|0"/>
		<i3dMapping id="wheelFrontLeftRot" node="0>0|0|0"/>
		<i3dMapping id="axisFrontLeft" node="0>0|0|0|0"/>
		<i3dMapping id="wheelRot" node="0>0|0|0|0|0"/>
		<i3dMapping id="wheelFrontLeft" node="0>0|0|0|0|0|0"/>
		<i3dMapping id="steeringBarRef" node="0>0|0|0|0|1"/>
		<i3dMapping id="wheelFrontRightRot" node="0>0|0|1"/>
		<i3dMapping id="axisFrontRight" node="0>0|0|1|0"/>
		<i3dMapping id="wheelRot_fixedName1" node="0>0|0|1|0|0"/>
		<i3dMapping id="wheelFrontRight" node="0>0|0|1|0|0|0"/>
		<i3dMapping id="steeringBar" node="0>0|0|1|0|1"/>
		<i3dMapping id="wheelBackLeft" node="0>0|0|2"/>
		<i3dMapping id="wheelBackRight" node="0>0|0|3"/>
		<i3dMapping id="wheelBackLeft2" node="0>0|0|4"/>
		<i3dMapping id="wheelBackRight2" node="0>0|0|5"/>
		<i3dMapping id="cameras" node="0>0|1"/>
		<i3dMapping id="outdoorCameraTarget" node="0>0|1|0"/>
		<i3dMapping id="outdoorCamera1" node="0>0|1|0|0"/>
		<!--<i3dMapping id="indoorCamera1" node="0>0|1|1"/>-->
		<i3dMapping id="cameraRaycastNode1" node="0>0|1|2"/>
		<i3dMapping id="cameraRaycastNode2" node="0>0|1|3"/>
		<i3dMapping id="cameraRaycastNode3" node="0>0|1|4"/>
		<i3dMapping id="shadowFocusBox" node="0>0|1|5"/>
		<i3dMapping id="lights" node="0>0|2"/>
		<i3dMapping id="sharedLights" node="0>0|2|0"/>
		<i3dMapping id="frontLightCone_01_01" node="0>0|2|0|0"/>
		<i3dMapping id="frontLightCone_01_02" node="0>0|2|0|1"/>
		<i3dMapping id="rearMultipointLED_01" node="0>0|2|0|2"/>
		<i3dMapping id="rearMultipointLED_02" node="0>0|2|0|3"/>
		<i3dMapping id="staticLights" node="0>0|2|1"/>
		<i3dMapping id="turnlightLeftStatic" node="0>0|2|1|0"/>
		<i3dMapping id="turnlightRightStatic" node="0>0|2|1|1"/>
		<i3dMapping id="frontlightStatic" node="0>0|2|1|2"/>
		<i3dMapping id="defaultLights" node="0>0|2|2"/>
		<i3dMapping id="frontLightLow" node="0>0|2|2|0"/>
		<i3dMapping id="highBeamLow" node="0>0|2|2|1"/>
		<i3dMapping id="frontLightHigh" node="0>0|2|2|2"/>
		<i3dMapping id="frontLightHigh1" node="0>0|2|2|2|0"/>
		<i3dMapping id="highBeamHigh" node="0>0|2|2|3"/>
		<i3dMapping id="highBeamHigh1" node="0>0|2|2|3|0"/>
		<i3dMapping id="backLights" node="0>0|2|3"/>
		<i3dMapping id="backLightsHigh1" node="0>0|2|3|0"/>
		<i3dMapping id="backLightsHigh2" node="0>0|2|3|0|0"/>
		<i3dMapping id="turnLightLeftFront" node="0>0|2|4|0"/>
		<i3dMapping id="turnLightRightFront" node="0>0|2|4|1"/>
		<i3dMapping id="reverseLight" node="0>0|2|5|0"/>
		<i3dMapping id="visuals" node="0>0|2|6"/>
		<i3dMapping id="Lights" node="0>0|2|6|0"/>
		<i3dMapping id="Lights_glass" node="0>0|2|6|1"/>
		<i3dMapping id="exitPoint" node="0>0|3"/>
		<i3dMapping id="attacherJoints" node="0>0|4"/>
		<i3dMapping id="trailerAttacherJointFront" node="0>0|4|0"/>
        <i3dMapping id="trailerLowNode" node="0>0|4|1" />
        <i3dMapping id="trailerAttacherJointBackLow" node="0>0|4|1|0" />
        <i3dMapping id="trailerSteeringLeftRef" node="0>0|4|1|1" />
        <i3dMapping id="trailerSteeringRightRef" node="0>0|4|1|2" />
        <i3dMapping id="trailerAttacherNode" node="0>0|4|2" />
		<i3dMapping id="trailerAttacherJointBack" node="0>0|4|2|0"/>
		<i3dMapping id="wheelChock01" node="0>0|4|3"/>
        <i3dMapping id="semitrailerAttacherJoint" node="0>0|4|4" />
        <i3dMapping id="ptoBack" node="0>0|4|5" />
		<i3dMapping id="cabinRoot" node="0>0|5"/>
		<i3dMapping id="cabin" node="0>0|5|0"/>
		<i3dMapping id="seat" node="0>0|5|0|0"/>
		<i3dMapping id="playerSkin" node="0>0|5|0|0|0"/>
		<i3dMapping id="decals3" node="0>0|5|0|0|1"/>
		<i3dMapping id="seatBone" node="0>0|5|0|0|2"/>
		<i3dMapping id="indoorCamera1" node="0>0|5|0|0|3"/>
		<i3dMapping id="playerTargets" node="0>0|5|0|1"/>
		<i3dMapping id="playerRightFootTargetGas" node="0>0|5|0|1|0"/>
		<i3dMapping id="playerRightFootTargetBrake" node="0>0|5|0|1|1"/>
		<i3dMapping id="playerLeftFootTarget" node="0>0|5|0|1|2"/>
		<i3dMapping id="playerRightFootTarget" node="0>0|5|0|1|3"/>
		<i3dMapping id="steeringWheelRot" node="0>0|5|0|2"/>
		<i3dMapping id="steeringWheel" node="0>0|5|0|2|0"/>
		<i3dMapping id="playerRightHandTarget" node="0>0|5|0|2|0|0"/>
		<i3dMapping id="playerLeftHandTarget" node="0>0|5|0|2|0|1"/>
		<i3dMapping id="decals1" node="0>0|5|0|2|0|2"/>
		<i3dMapping id="pedals" node="0>0|5|0|3"/>
		<i3dMapping id="gasPedal" node="0>0|5|0|3|0"/>
		<i3dMapping id="playerRightFootTargetGasRef" node="0>0|5|0|3|0|0"/>
		<i3dMapping id="brakePedal" node="0>0|5|0|3|1"/>
		<i3dMapping id="playerRightFootTargetBrakeRef" node="0>0|5|0|3|1|0"/>
		<i3dMapping id="dashboards" node="0>0|5|0|4"/>
		<i3dMapping id="tempNeedle" node="0>0|5|0|4|0|0"/>
		<i3dMapping id="rpmNeedle" node="0>0|5|0|4|1|0"/>
		<i3dMapping id="speedNeedle" node="0>0|5|0|4|2|0"/>
		<i3dMapping id="fuelNeedle" node="0>0|5|0|4|3|0"/>
		<i3dMapping id="turnlightLeftDecal" node="0>0|5|0|4|5"/>
		<i3dMapping id="turnlightRightDecal" node="0>0|5|0|4|6"/>
		<i3dMapping id="decalsIntLightUp" node="0>0|5|0|4|7"/>
		<i3dMapping id="dashboardDisplayDecal" node="0>0|5|0|4|9"/>
		<i3dMapping id="interiorScreenLight" node="0>0|5|0|4|10"/>
		<i3dMapping id="rulDecal" node="0>0|5|0|4|11"/>
		<i3dMapping id="lightOnDecal" node="0>0|5|0|4|12"/>
		<i3dMapping id="worklightFrontDecal" node="0>0|5|0|4|13"/>
		<i3dMapping id="worklightBackDecal" node="0>0|5|0|4|14"/>
		<i3dMapping id="handbrakeDecal" node="0>0|5|0|4|15"/>
		<i3dMapping id="wipers" node="0>0|5|0|5"/>
		<i3dMapping id="wiperFront01" node="0>0|5|0|5|0"/>
		<i3dMapping id="wiperFront02Rot" node="0>0|5|0|5|1"/>
		<i3dMapping id="wiperFront02" node="0>0|5|0|5|1|0"/>
		<i3dMapping id="mirrors" node="0>0|5|0|6"/>
		<i3dMapping id="mirrorSmallLeftDecal" node="0>0|5|0|6|0"/>
		<i3dMapping id="mirrorSmallRightDecal" node="0>0|5|0|6|1"/>
		<i3dMapping id="mirrorSmallFrontDecal" node="0>0|5|0|6|2"/>
		<i3dMapping id="mirrorSmallSideDownDecal" node="0>0|5|0|6|3"/>
		<i3dMapping id="workingLightSquare_01" node="0>0|5|0|7|0"/>
		<i3dMapping id="workingLightSquare_02" node="0>0|5|0|7|1"/>
		<i3dMapping id="beaconLightLeft" node="0>0|5|0|7|2"/>
		<i3dMapping id="beaconLightRight" node="0>0|5|0|7|3"/>
		<i3dMapping id="workingLightOval_02_04" node="0>0|5|0|7|4"/>
		<i3dMapping id="workingLightOval_02_03" node="0>0|5|0|7|5"/>
		<i3dMapping id="workingLightOval_02_02" node="0>0|5|0|7|6"/>
		<i3dMapping id="workingLightOval_02_01" node="0>0|5|0|7|7"/>
		<i3dMapping id="workLightBackHigh1" node="0>0|5|0|7|8"/>
		<i3dMapping id="workLightBackLow" node="0>0|5|0|7|9"/>
		<i3dMapping id="turnlightRight2Static" node="0>0|5|0|7|10|0"/>
		<i3dMapping id="turnlightLeft2Static" node="0>0|5|0|7|10|1"/>
		<i3dMapping id="frontlight2Static" node="0>0|5|0|7|10|2"/>
		<i3dMapping id="frontlightStatic1" node="0>0|5|0|7|10|3"/>
		<i3dMapping id="frontlightStatic2" node="0>0|5|0|7|10|4"/>
		<i3dMapping id="Light2_glass" node="0>0|5|0|7|11|0"/>
		<i3dMapping id="Light2" node="0>0|5|0|7|11|1"/>
		<i3dMapping id="Lights1" node="0>0|5|0|7|11|2"/>
		<i3dMapping id="Lights_glass1" node="0>0|5|0|7|11|3"/>
		<i3dMapping id="Light2_glass1" node="0>0|5|0|7|11|4"/>
		<i3dMapping id="workLightFrontLow" node="0>0|5|0|7|12"/>
		<i3dMapping id="workLightFrontHigh1" node="0>0|5|0|7|13"/>
		<i3dMapping id="workLightFrontHigh2" node="0>0|5|0|7|13|0"/>
		<i3dMapping id="yellowRound_05" node="0>0|5|0|7|14"/>
		<i3dMapping id="yellowRound_04" node="0>0|5|0|7|15"/>
		<i3dMapping id="yellowRound_03" node="0>0|5|0|7|16"/>
		<i3dMapping id="yellowRound_02" node="0>0|5|0|7|17"/>
		<i3dMapping id="screwDecals" node="0>0|5|0|8|0"/>
		<i3dMapping id="decals2" node="0>0|5|0|8|1"/>
		<i3dMapping id="topGlass" node="0>0|5|0|8|2"/>
		<i3dMapping id="interior1" node="0>0|5|0|8|3"/>
		<i3dMapping id="decals4" node="0>0|5|0|8|4"/>
		<i3dMapping id="horns" node="0>0|5|0|8|5"/>
		<i3dMapping id="decalsLion" node="0>0|5|0|8|6"/>
		<i3dMapping id="decalWarningCabin" node="0>0|5|0|8|7"/>
		<i3dMapping id="decals5" node="0>0|5|0|8|8"/>
		<i3dMapping id="safetySign01" node="0>0|5|0|8|9"/>
		<i3dMapping id="cabinM" node="0>0|5|0|10|0"/>
		<i3dMapping id="cabinM_vis" node="0>0|5|0|10|0|0"/>
		<i3dMapping id="spoilerM_vis" node="0>0|5|0|10|2|0"/>
		<i3dMapping id="licensePlateFront" node="0>0|5|0|10|3|0"/>
		<i3dMapping id="pto1Rot" node="0>0|6|0"/>
		<i3dMapping id="pto1" node="0>0|6|0|0"/>
		<i3dMapping id="pto2Rot" node="0>0|6|1"/>
		<i3dMapping id="pto2" node="0>0|6|1|0"/>
		<i3dMapping id="pto3" node="0>0|6|2"/>
		<i3dMapping id="pto4Rot" node="0>0|6|3"/>
		<i3dMapping id="pto4" node="0>0|6|3|0"/>
		<i3dMapping id="pto5" node="0>0|6|4"/>
		<i3dMapping id="pto6" node="0>0|6|5"/>
		<i3dMapping id="pto7Rot" node="0>0|6|6"/>
		<i3dMapping id="pto7" node="0>0|6|6|0"/>
		<i3dMapping id="pto8" node="0>0|6|7"/>
		<i3dMapping id="aiCollisionNode" node="0>0|7|0"/>
		<i3dMapping id="exhaustParticle" node="0>0|8"/>
		<i3dMapping id="connectionHoses" node="0>0|9"/>
		<i3dMapping id="airDoubleStorage" node="0>0|9|0"/>
		<i3dMapping id="airDoubleControl" node="0>0|9|1"/>
		<i3dMapping id="frontElectric" node="0>0|9|2"/>
		<i3dMapping id="hydraulic03_out" node="0>0|9|3"/>
		<i3dMapping id="hydraulic03_in" node="0>0|9|4"/>
		<i3dMapping id="hydraulic02_out" node="0>0|9|5"/>
		<i3dMapping id="hydraulic02_in" node="0>0|9|6"/>
        <i3dMapping id="semiElectric" node="0>0|9|7" />
        <i3dMapping id="airDoubleControl02" node="0>0|9|8" />
        <i3dMapping id="airDoubleStorage02" node="0>0|9|9" />
        <i3dMapping id="hydraulic04_in" node="0>0|9|10" />
        <i3dMapping id="hydraulic04_out" node="0>0|9|11" />
		<i3dMapping id="decalsExterior2" node="0>0|10|0"/>
		<i3dMapping id="grill_pattern" node="0>0|10|1"/>
		<i3dMapping id="decals" node="0>0|10|2"/>
		<i3dMapping id="additionalParts" node="0>0|10|3"/>
		<i3dMapping id="decalWarning" node="0>0|10|4|0"/>
		<i3dMapping id="couplingPlate" node="0>0|10|4|1"/>
		<i3dMapping id="licensePlateBack" node="0>0|10|4|2"/>
		<i3dMapping id="mks8Tank" node="0>0|10|4|3|0"/>
		<i3dMapping id="flap02" node="0>0|10|4|3|0|0"/>
		<i3dMapping id="flap03" node="0>0|10|4|3|0|1"/>
		<i3dMapping id="safetySign02" node="0>0|10|4|3|0|3"/>
		<i3dMapping id="safetySign03" node="0>0|10|4|3|0|4"/>
		<i3dMapping id="colTank" node="0>0|10|4|3|0|5"/>
		<i3dMapping id="skinning" node="0>0|11"/>
		<i3dMapping id="seatSuspension" node="0>0|11|0"/>
        <i3dMapping id="exactFillRootNode" node="0>0|12|0" />
        <i3dMapping id="fillTrigger" node="0>0|12|1" />
        <i3dMapping id="dischargeNode" node="0>0|12|2" />
        <i3dMapping id="dischargeTrigger" node="0>0|12|3" />
    </i3dMappings>
</vehicle>
