﻿<?xml version="1.0" encoding="utf-8" standalone="no" ?>
<vehicle type="waterTrailer" xmlns:xsi="http://www.w3.org/2001/XMLSchema-instance" xsi:noNamespaceSchemaLocation="../../../../shared/xml/schema/vehicle.xsd">
    <annotation>Copyright (C) GIANTS Software GmbH, All Rights Reserved.</annotation>

    <storeData>
        <name>MKS 8</name>
        <functions>
            <function>$l10n_function_tank</function>
        </functions>
        <image>store_mks8.png</image>
        <price>25000</price>
        <lifetime>600</lifetime>
        <rotation>0</rotation>
        <brand>LIZARD</brand>
        <category>animals</category>
        <shopTranslationOffset>0 -0.077 0</shopTranslationOffset>
        <shopRotationOffset>0.026 0 0</shopRotationOffset>
        <shopLoadingDelay initial="0.35"/>
        <vertexBufferMemoryUsage>1284096</vertexBufferMemoryUsage>
        <indexBufferMemoryUsage>218624</indexBufferMemoryUsage>
        <textureMemoryUsage>1703936</textureMemoryUsage>
        <audioMemoryUsage>0</audioMemoryUsage>
        <instanceVertexBufferMemoryUsage>0</instanceVertexBufferMemoryUsage>
        <instanceIndexBufferMemoryUsage>0</instanceIndexBufferMemoryUsage>
    </storeData>
	
    <base>
        <typeDesc>$l10n_typeDesc_trailer</typeDesc>
        <filename>mks8.i3d</filename>
        <size width="3" length="7.5" lengthOffset="1"/>
        <components>
            <component centerOfMass="0 0.6 -0.6"  solverIterationCount="10" mass="2700"/>
            <component centerOfMass="0 -0.15 0.0" solverIterationCount="10" mass="1500"/>
            <component                            solverIterationCount="10" mass="250"/>
            <joint component1="1" component2="2" node="componentJointFront" rotLimit="0 120 0" transLimit="0 0 0" />
            <joint component1="2" component2="3" node="componentJointDrawbar" rotLimit="0 0 0" transLimit="0 0 0" />
        </components>
        <schemaOverlay attacherJointPosition="0 0" name="IMPLEMENT" />
    </base>

    <wheels>
        <wheelConfigurations>
            <wheelConfiguration name="$l10n_configuration_valueDefault" price="0" brand="CONTINENTAL">
                <wheels>
                    <wheel filename="$data/shared/wheels/tires/continental/contiCrossTracHS3/385_65R22_5.xml" configId="truckTrailer02" isLeft="true" hasTireTracks="true" hasParticles="true" >
                        <physics tipOcclusionAreaGroupId="1" rotSpeed="0"  restLoad="1.5" repr="wheelFrontLeft"  forcePointRatio="0.5" initialCompression="30" suspTravel="0.05" spring="92" damper="30" frictionScale="2" />
                    </wheel>
                    <wheel filename="$data/shared/wheels/tires/continental/contiCrossTracHS3/385_65R22_5.xml" configId="truckTrailer02" isLeft="false" hasTireTracks="true" hasParticles="true" >
                        <physics tipOcclusionAreaGroupId="1" rotSpeed="0"  restLoad="1.5" repr="wheelFrontRight" forcePointRatio="0.5" initialCompression="30" suspTravel="0.05" spring="92" damper="30" frictionScale="2" />
                    </wheel>
                    <wheel filename="$data/shared/wheels/tires/continental/contiCrossTracHS3/385_65R22_5.xml" configId="truckTrailer02" isLeft="true" hasTireTracks="true" hasParticles="true" >
                        <physics tipOcclusionAreaGroupId="1" rotSpeed="0"  restLoad="0.9" repr="wheelBackLeft"   forcePointRatio="0.5" initialCompression="15" suspTravel="0.06" spring="84" damper="30" frictionScale="2" />
                        <wheelChock/>
                        <wheelChock isInverted="true" />
                    </wheel>
                    <wheel filename="$data/shared/wheels/tires/continental/contiCrossTracHS3/385_65R22_5.xml" configId="truckTrailer02" isLeft="false" hasTireTracks="true" hasParticles="true" >
                        <physics tipOcclusionAreaGroupId="1" rotSpeed="0"  restLoad="0.9" repr="wheelBackRight"  forcePointRatio="0.5" initialCompression="15" suspTravel="0.06" spring="84" damper="30" frictionScale="2" />
                    </wheel>
                </wheels>
            </wheelConfiguration>
			
            <wheelConfiguration name="$l10n_configuration_valueDefault" price="0" brand="LIZARD">
                <wheels>
                    <wheel filename="$data/shared/wheels/tires/lizard/implement/315_80R22_5.xml" configId="truck2" isLeft="true" hasTireTracks="true" hasParticles="true" >
                        <physics tipOcclusionAreaGroupId="1" rotSpeed="0"  restLoad="1.5" repr="wheelFrontLeft"  forcePointRatio="0.5" initialCompression="30" suspTravel="0.05" spring="92" damper="30" frictionScale="2" />
                    </wheel>
                    <wheel filename="$data/shared/wheels/tires/lizard/implement/315_80R22_5.xml" configId="truck2" isLeft="false" hasTireTracks="true" hasParticles="true" >
                        <physics tipOcclusionAreaGroupId="1" rotSpeed="0"  restLoad="1.5" repr="wheelFrontRight"  forcePointRatio="0.5" initialCompression="30" suspTravel="0.05" spring="92" damper="30" frictionScale="2" />
                    </wheel>
                    <wheel filename="$data/shared/wheels/tires/lizard/implement/315_80R22_5.xml" configId="truck2" isLeft="true" hasTireTracks="true" hasParticles="true" >
                        <physics tipOcclusionAreaGroupId="1" rotSpeed="0"  restLoad="0.9" repr="wheelBackLeft"   forcePointRatio="0.5" initialCompression="15" suspTravel="0.06" spring="84" damper="30" frictionScale="2" />
                        <wheelChock/>
                        <wheelChock isInverted="true" />
                    </wheel>
                    <wheel filename="$data/shared/wheels/tires/lizard/implement/315_80R22_5.xml" configId="truck2" isLeft="false" hasTireTracks="true" hasParticles="true" >
                        <physics tipOcclusionAreaGroupId="1" rotSpeed="0"  restLoad="0.9" repr="wheelBackRight"  forcePointRatio="0.5" initialCompression="15" suspTravel="0.06" spring="84" damper="30" frictionScale="2" />
                    </wheel>
                </wheels>
            </wheelConfiguration>
        </wheelConfigurations>
    </wheels>
	
    <rimColorConfigurations useDefaultColors="false" price="100" >
        <rimColorConfiguration name="$l10n_configuration_MAN_BEIGECLASSIC" color="MAN_BEIGECLASSIC"/>
        <rimColorConfiguration name="$l10n_configuration_MAN_BEIGE_1" color="MAN_BEIGE_1"/>
        <rimColorConfiguration name="$l10n_configuration_MAN_BEIGE_2" color="MAN_BEIGE_2"/>
        <rimColorConfiguration name="$l10n_configuration_MAN_BEIGE_3" color="MAN_BEIGE_3"/>
        <rimColorConfiguration name="$l10n_configuration_grey" color="SHARED_GREY1"/>
        <rimColorConfiguration name="$l10n_configuration_polished_metal" color="0.98 0.98 0.98" material="8" />
        <rimColorConfiguration name="$l10n_configuration_GOLD" color="VALTRA_GOLD1" material="35"/>
    </rimColorConfigurations>

    <attachable>
        <inputAttacherJoints>
            <inputAttacherJoint node="attacherJoint" jointType="trailer" rootNode="mks8_drawbar_component3" attacherHeight="0.874" />
        </inputAttacherJoints>
        <brakeForce force="0.4" maxForce="1.2" maxForceMass="13000"/>
        <support animationName="moveSupport" />
    </attachable>
	
    <licensePlates>
        <licensePlate node="licensePlateBack" position="BACK" preferedType="ELONGATED" placementArea="0.06 0.26 0.09 0.26"/>
    </licensePlates>

    <lights>
        <sharedLight linkNode="rear5ChamberLight_02_Left"  filename="$data/shared/assets/lights/lizard/rearLight16_left.xml" />
        <sharedLight linkNode="rear5ChamberLight_02_Right" filename="$data/shared/assets/lights/lizard/rearLight16_right.xml" />
        <sharedLight linkNode="sideMarker_01Left"          filename="$data/shared/assets/lights/lizard/sideMarker01_left.xml" />
        <sharedLight linkNode="sideMarker_01Right"         filename="$data/shared/assets/lights/lizard/sideMarker01_right.xml" />
        <sharedLight linkNode="0>0|2|0|1" filename="$data/shared/assets/lights/lizard/plateNumberLight01.xml" lightTypes="0"/>
        <sharedLight linkNode="0>0|2|0|2" filename="$data/shared/assets/lights/lizard/plateNumberLight01.xml" lightTypes="0"/>

        <realLights>
            <high>
                <light node="backLightsHigh1" lightTypes="0"/>
                <light node="0>0|1|2|1" lightTypes="0"/>
                <brakeLight node="backLightsHigh1"/>
                <turnLightLeft  node="turnLightLeftBack" />
                <turnLightRight node="turnLightRightBack" />
                <reverseLight node="reverseLight" />
            </high>
        </realLights>
    </lights>

    <dynamicallyLoadedParts>
        <dynamicallyLoadedPart node="1|3" linkNode="airYellowConnector" filename="$data/shared/connectionHoses/connectors.i3d" />
        <dynamicallyLoadedPart node="1|2" linkNode="airRedConnector"    filename="$data/shared/connectionHoses/connectors.i3d" />
    </dynamicallyLoadedParts>


    <connectionHoses>
        <hose inputAttacherJointIndices="1" type="airDoubleRed"  node="hydraulicIn01"  length="0.8" diameter="0.016" straighteningFactor="0.5" isTwoPointHose="true">
            <objectChange node="hydraulicIn01_detached" visibilityActive="false" visibilityInactive="true"/>
        </hose>
        <hose inputAttacherJointIndices="1" type="airDoubleYellow" node="hydraulicOut01" length="0.7" diameter="0.016" straighteningFactor="0.5" isTwoPointHose="true">
            <objectChange node="hydraulicOut01_detached" visibilityActive="false" visibilityInactive="true"/>
        </hose>
    </connectionHoses>
	
    <foldable>
        <foldingConfigurations>
            <foldingConfiguration>
                <foldingParts posDirectionText="$l10n_action_hazardousGoodsLabelOff" negDirectionText="$l10n_action_hazardousGoodsLabelOn">
                    <foldingPart animationName="warningSigns" speedScale="1" />
                </foldingParts>
            </foldingConfiguration>
        </foldingConfigurations>
    </foldable>
	
    <animations>
        <animation name="moveSupport">
            <part componentJointIndex="2" startTime="0.0" endTime="0.15" startRotLimit="50 0 0" endRotLimit="15 0 0" />
        </animation>
        <animation name="warningSigns">
            <part node="flap01" startTime="0" endTime="1" startRot="0 0 0" endRot="172 0 0"/>
            <part node="safetySign02" startTime="0.5" endTime="1" startRot="-90 0 0" endRot="-90 180 0"/>
            <part node="safetySign03" startTime="0.5" endTime="1" startRot="-90 34.375 0" endRot="-90 180 0"/>
			<part node="safetySign02" startTime="1" endTime="1.5" startTrans="-0.175 0.833 -1.996" endTrans="0 2.227 -2.295" />
			<part node="safetySign03" startTime="1" endTime="1.5" startTrans="-0.185 0.847 -2" endTrans="-0.2 2 -2.281" />
            <part node="safetySign02" startTime="1" endTime="1.5" startRot="-90 0 0" endRot="-177.825 0 180"/>
            <part node="safetySign03" startTime="1" endTime="1.5" startRot="-90 34.375 0" endRot="-176.708 -1.894 179.933"/>
            <part node="flap01" startTime="1.75" endTime="2.5" startRot="172 0 0" endRot="0 0 0"/>
        </animation>
        <animation name="toggleCover">
            <part node="flap02" startTime="0" endTime="1" startRot="0 0 0" endRot="179 0 0"/>
            <part node="flap03" startTime="0" endTime="1" startRot="0 0 0" endRot="-179 0 0"/>
        </animation>
    </animations>

    <cylindered>
        <movingParts>
            <movingPart node="spring" referencePoint="springRef" referenceFrame="springRef" scaleZ="true" isActiveDirty="true" maxUpdateDistance="60"/>
            <movingTool node="flap02" playSound="true"/>
            <movingTool node="flap03" playSound="true"/>
        </movingParts>
        <sounds>
            <hydraulic template="defaultHydraulicSound" linkNode="mks8_main_component1"/>
        </sounds>
    </cylindered>

    <fillUnit>
        <fillUnitConfigurations>
            <fillUnitConfiguration>
                <fillUnits>
                    <fillUnit unitTextOverride="$l10n_unit_literShort" fillTypeCategories="SLURRYTANK SPRAYER LIQUID" capacity="8000">
                        <exactFillRootNode node="exactFillRootNode" />
                    </fillUnit>
                </fillUnits>
            </fillUnitConfiguration>
        </fillUnitConfigurations>
    </fillUnit>

    <fillTriggerVehicle triggerNode="fillTrigger" fillUnitIndex="1" litersPerSecond="350"/>

    <dischargeable>
        <dischargeNode node="dischargeNode" emptySpeed="450" fillUnitIndex="1" canDischargeToGround="false" allowAIDischarge="true">
            <info width="1.0" length="0.5" zOffset="0.4" />
            <trigger node="dischargeTrigger" />
        </dischargeNode>
    </dischargeable>

    <waterTrailer fillUnitIndex="1" fillLitersPerSecond="450" fillNode="mks8_main_component1">
        <sounds>
            <refill template="DEFAULT_REFUEL_SOUND" linkNode="0>" />
        </sounds>
    </waterTrailer>
	
    <cover>
        <coverConfigurations>
            <coverConfiguration openCoverWhileTipping="true">
                <cover openAnimation="toggleCover" fillUnitIndices="1" />
            </coverConfiguration>
        </coverConfigurations>
    </cover>

    <foliageBending>
        <bendingNode minX="-1.25" maxX="1.25" minZ="-2.3" maxZ="2.3" yOffset="0.6" />
    </foliageBending>

    <baseMaterial>
        <material name="MKS8_mat" baseNode="mks8_vis">
            <shaderParameter name="colorMat0" value="MAN_OLDGREEN"/>
        </material>
    </baseMaterial>

    <baseMaterialConfigurations price="1000" useDefaultColors="false" defaultColorIndex="0">
        <baseMaterialConfiguration name="$l10n_configuration_MAN_OLDGREEN" color="MAN_OLDGREEN" material="0"/>
        <baseMaterialConfiguration name="$l10n_configuration_MAN_OLDGREEN" color="MAN_OLDGREEN" material="6"/>
        <baseMaterialConfiguration name="$l10n_configuration_MAN_RED" color="MAN_RED1" material="0"/>
        <baseMaterialConfiguration name="$l10n_configuration_MAN_RED" color="MAN_RED1" material="6"/>
        <baseMaterialConfiguration name="$l10n_configuration_MAN_YELLOW" color="MAN_YELLOW_1" material="0"/>
        <baseMaterialConfiguration name="$l10n_configuration_MAN_YELLOW" color="MAN_YELLOW_1" material="6"/>
        <baseMaterialConfiguration name="$l10n_configuration_MAN_GREEN" color="MAN_GREEN_1" material="0"/>
        <baseMaterialConfiguration name="$l10n_configuration_MAN_GREEN" color="MAN_GREEN_1" material="6"/>
        <baseMaterialConfiguration name="$l10n_configuration_MAN_BLUE1" color="MAN_BLUE1" material="0"/>
        <baseMaterialConfiguration name="$l10n_configuration_MAN_BLUE1" color="MAN_BLUE1" material="6"/>
        <baseMaterialConfiguration name="$l10n_configuration_MAN_BLUE2" color="MAN_BLUE2" material="0"/>
        <baseMaterialConfiguration name="$l10n_configuration_MAN_BLUE2" color="MAN_BLUE2" material="6"/>
        <baseMaterialConfiguration name="$l10n_configuration_MAN_BLUE3" color="MAN_BLUE3" material="0"/>
        <baseMaterialConfiguration name="$l10n_configuration_MAN_BLUE3" color="MAN_BLUE3" material="6"/>
        <baseMaterialConfiguration name="$l10n_configuration_MAN_BLUE4" color="MAN_BLUE4" material="0"/>
        <baseMaterialConfiguration name="$l10n_configuration_MAN_BLUE4" color="MAN_BLUE4" material="6"/>
        <baseMaterialConfiguration name="$l10n_configuration_MAN_BLUE7" color="MAN_BLUE7" material="0"/>
        <baseMaterialConfiguration name="$l10n_configuration_MAN_BLUE7" color="MAN_BLUE7" material="6"/>
        <baseMaterialConfiguration name="$l10n_configuration_LEMKEN_BLUE" color="LEMKEN_BLUE1" material="0"/>
        <baseMaterialConfiguration name="$l10n_configuration_LEMKEN_BLUE" color="LEMKEN_BLUE1" material="6"/>
        <baseMaterialConfiguration name="$l10n_configuration_CLAAS_WHITE" color="CLAAS_WHITE1" material="0"/>
        <baseMaterialConfiguration name="$l10n_configuration_CLAAS_WHITE" color="CLAAS_WHITE1" material="6"/>
        <baseMaterialConfiguration name="$l10n_configuration_FENDT_BLACK" color="FENDT_BLACK1" material="0"/>
        <baseMaterialConfiguration name="$l10n_configuration_FENDT_BLACK" color="FENDT_BLACK1" material="6"/>
        <baseMaterialConfiguration name="$l10n_configuration_ORANGE" color="STIHL_ORANGE_1" material="0"/>
        <baseMaterialConfiguration name="$l10n_configuration_ORANGE" color="STIHL_ORANGE_1" material="6"/>
		<baseMaterialConfiguration name="$l10n_configuration_GOLD" color="VALTRA_GOLD1" material="35"/>
		<baseMaterialConfiguration name="$l10n_configuration_polished_metal" color="0.98 0.98 0.98" material="8"/>
        <baseMaterialConfiguration name="$l10n_ui_colorChrome" color="SHARED_WHITE2" material="2" price="4000" uiColor="SHARED_GREY1"/>
        <material name="MKS8_mat" shaderParameter="colorMat0" />
    </baseMaterialConfigurations>
	
    <ai>
        <agentAttachment jointNode="attacherJoint" rotCenterWheelIndices="1 2" width="2.2" height="3.5" length="4.7" lengthOffset="-1.5" hasCollision="false"/>
        <agentAttachment jointNode="componentJointFront" rotCenterWheelIndices="3 4" width="2.2" height="1.2" length="1" lengthOffset="2.9"/>
    </ai>

    <wearable wearDuration="480" workMultiplier="5" fieldMultiplier="2"/>
    <washable dirtDuration="90" washDuration="1" workMultiplier="2" fieldMultiplier="2"/>

    <i3dMappings>
        <i3dMapping id="mks8_main_component1" node="0>" />
        <i3dMapping id="mks8_vis" node="0>0" />
        <i3dMapping id="wheelBackLeft" node="0>0|0|0" />
        <i3dMapping id="wheelBackRight" node="0>0|0|1" />
        <i3dMapping id="rear5ChamberLight_02_Left" node="0>0|1|0|0" />
        <i3dMapping id="rear5ChamberLight_02_Right" node="0>0|1|0|1" />
        <i3dMapping id="sideMarker_01Right" node="0>0|1|0|2" />
        <i3dMapping id="sideMarker_01Left" node="0>0|1|0|3" />
        <i3dMapping id="turnLightLeftBack" node="0>0|1|1|0" />
        <i3dMapping id="turnLightRightBack" node="0>0|1|1|1" />
        <i3dMapping id="backLightsHigh1" node="0>0|1|2|0" />
        <i3dMapping id="reverseLight" node="0>0|1|3|0" />
        <i3dMapping id="flap01" node="0>0|2|0" />
        <i3dMapping id="licensePlateBack" node="0>0|2|0|0|0" />
        <i3dMapping id="flap02" node="0>0|2|1" />
        <i3dMapping id="flap03" node="0>0|2|2" />
        <i3dMapping id="exactFillRootNode" node="0>0|3|0" />
        <i3dMapping id="fillTrigger" node="0>0|3|1" />
        <i3dMapping id="dischargeNode" node="0>0|3|2" />
        <i3dMapping id="dischargeTrigger" node="0>0|3|3" />
        <i3dMapping id="safetySign02" node="0>0|4|3" />
        <i3dMapping id="safetySign03" node="0>0|4|4" />
        <i3dMapping id="mks8_dolly_component2" node="1>" />
        <i3dMapping id="wheelFrontLeft" node="1>0" />
        <i3dMapping id="wheelFrontRight" node="1>1" />
        <i3dMapping id="componentJointFront" node="1>2" />
        <i3dMapping id="dolly_vis" node="1>3" />
        <i3dMapping id="spring" node="1>4" />
        <i3dMapping id="mks8_drawbar_component3" node="2>" />
        <i3dMapping id="componentJointDrawbar" node="2>0" />
        <i3dMapping id="hydraulicIn01" node="2>1|0" />
        <i3dMapping id="hydraulicOut01_detached" node="2>1|0|0" />
        <i3dMapping id="airRedConnector" node="2>1|0|0|0" />
        <i3dMapping id="hydraulicOut01" node="2>1|1" />
        <i3dMapping id="hydraulicIn01_detached" node="2>1|1|0" />
        <i3dMapping id="airYellowConnector" node="2>1|1|0|0" />
        <i3dMapping id="drawbar_vis" node="2>2" />
        <i3dMapping id="attacherJoint" node="2>2|0" />
        <i3dMapping id="springRef" node="2>2|1" />
    </i3dMappings>
</vehicle>
