﻿<?xml version="1.0" encoding="utf-8" standalone="no" ?>
<modDesc descVersion="61">
    <author>west modding</author>
    <version>1.0.0.0</version>
    <title>
        <en>MAN TGS Tank Pack</en>
    </title>
    <description>
        <en>
            <![CDATA[This pack includes a MAN TGS 26480 and an mks8 transport barrel.
TGS 26480

Price: € 183,000
Power: 480-500 hp
Filling volume: 8,000 liters
Load: diesel, water, liquid fertilizer, crop protection, milk, liquid manure, digestate
Configuration:
Engine power: 480 hp, 500 hp
Color choice: cabin, tank, rims, interior
Wheels: Trelleborg, Lizard, Continental
Designs: cubicle, sticker, barrel

MKS 8

Price: € 25,000
Filling volume: 8,000 liters
Load: diesel, water, liquid fertilizer, crop protection, milk, liquid manure, digestate
Configuration:
Color choice: tank, rims
Wheels: Continental, Lizard
]]>
        </en>
        <de>
            <![CDATA[In diesem Pack gibt es ein MAN TGS 26480 und ein mks8 Transportfass.
TGS 26480

Preis: 183.000 €
Leistung: 480-500 PS
Füllvolumen: 8.000 Liter
Ladegut: Diesel, Wasser, Flüssigdünger, Pflanzenschutz, Milch, Gülle, Gärreste
Konfiguration:
Motorleistung: 480 PS, 500 PS
Farbwahl: Kabine, Tank, Felgen, Innenraum
Räder: Trelleborg, Lizard, Continental
Designs: Kabine, Aufkleber, Fass

MKS 8

Preis: 25.000 €
Füllvolumen: 8.000 Liter
Ladegut: Diesel, Wasser, Flüssigdünger, Pflanzenschutz, Milch, Gülle, Gärreste
Konfiguration:
Farbwahl: Tank, Felgen
Räder: Continental, Lizard
]]>
        </de>
        <fr>
            <![CDATA[Ce pack comprend un MAN TGS 26480 et un canon de transport mks8.
TGS 26480

Prix ​​: 183 000 €
Puissance : 480-500 ch
Volume de remplissage : 8 000 litres
Charge : diesel, eau, engrais liquide, protection des cultures, lait, lisier, digestat
Configuration:
Puissance moteur : 480 cv, 500 cv
Couleur au choix : cabine, réservoir, jantes, intérieur
Roues : Trelleborg, Lizard, Continental
Conceptions : cabine, autocollant, baril

MKS 8

Prix ​​: 25 000 €
Volume de remplissage : 8 000 litres
Charge : diesel, eau, engrais liquide, protection des cultures, lait, lisier, digestat
Configuration:
Couleur au choix : réservoir, jantes
Roues : Continental, Lézard
]]>
        </fr>
    </description>
    <iconFilename>icon.dds</iconFilename>
    <multiplayer supported="true"/>
	<l10n>
		<!--configuration-->
		<text name="configuration_valueLion">
			<en>Lion</en>
			<de>Löwe</de>
			<fr>Lion</fr>
		</text>
		<text name="configuration_valueStrip">
			<en>Strips</en>
			<de>Streifen</de>
			<fr>Rayures</fr>
		</text>
		<text name="configuration_valueAll">
			<en>All</en>
			<de>Alles</de>
			<fr>Tout</fr>
		</text>
		<text name="configuration_valueCabinM">
			<en>Cabin M</en>
			<de>Kabine M</de>
			<fr>Cabin M</fr>
		</text>
		<text name="configuration_valueExtensionM">
			<en>Extension M</en>
			<de>Erweiterung M</de>
			<fr>Extension M</fr>
		</text>
		<!--title-->
		<text name="title_cabin">
			<en>Cabin Configuration</en>
			<de>Kabinenkonfiguration</de>
			<fr>Configuration de la cabine</fr>
		</text>
		<text name="title_barrel">
			<en>Barrel</en>
			<de>Fass</de>
			<fr>Baril</fr>
		</text>
		<text name="title_space">
			<en>Inner space</en>
			<de>Innenraum</de>
			<fr>Espace intérieur</fr>
		</text>
		<!--action-->
        <text name="action_hazardousGoodsLabelOff">
            <en>Deactivate dangerous goods label</en>
            <de>Gefahrgutetikett deaktivieren</de>
			<fr>Désactiver l'étiquette des marchandises dangereuses</fr>
        </text>
        <text name="action_hazardousGoodsLabelOn">
            <en>Activate dangerous goods label</en>
            <de>Gefahrgutetikett aktivieren</de>
			<fr>Activer l'étiquette des marchandises dangereuses</fr>
        </text>
		<!--color-->
		<text name="configuration_MAN_OLDGREEN">
			<en>MAN Green old</en>
			<de>MAN Grün alt</de>
			<fr>MAN Vieux vert</fr>
		</text>
		<text name="configuration_MAN_RED">
			<en>MAN Red 1</en>
			<de>MAN Rot 1</de>
			<fr>MAN Rouge 1</fr>
		</text>
		<text name="configuration_MAN_RED2">
			<en>MAN Red 2</en>
			<de>MAN Rot 2</de>
			<fr>MAN Rouge 2</fr>
		</text>
		<text name="configuration_MAN_YELLOW">
			<en>MAN Yellow</en>
			<de>MAN Gelb</de>
			<fr>MAN Jaune</fr>
		</text>
		<text name="configuration_MAN_GREEN">
			<en>MAN Green</en>
			<de>MAN Grün</de>
			<fr>MAN Vert</fr>
		</text>
		<text name="configuration_MAN_BLUE1">
			<en>MAN Blue 1</en>
			<de>MAN Blau 1</de>
			<fr>MAN Bleu 1</fr>
		</text>
		<text name="configuration_MAN_BLUE2">
			<en>MAN Blue 2</en>
			<de>MAN Blau 2</de>
			<fr>MAN Bleu 2</fr>
		</text>
		<text name="configuration_MAN_BLUE3">
			<en>MAN Blue 3</en>
			<de>MAN Blau 3</de>
			<fr>MAN Bleu 3</fr>
		</text>
		<text name="configuration_MAN_BLUE4">
			<en>MAN Blue 4</en>
			<de>MAN Blau 4</de>
			<fr>MAN Bleu 4</fr>
		</text>
		<text name="configuration_MAN_BLUE5">
			<en>MAN Blue 5</en>
			<de>MAN Blau 5</de>
			<fr>MAN Bleu 5</fr>
		</text>
		<text name="configuration_MAN_BLUE6">
			<en>MAN Blue 6</en>
			<de>MAN Blau 6</de>
			<fr>MAN Bleu 6</fr>
		</text>
		<text name="configuration_MAN_BLUE7">
			<en>MAN Blue 7</en>
			<de>MAN Blau 7</de>
			<fr>MAN Bleu 7</fr>
		</text>
		<text name="configuration_GOLD">
			<en>Gold</en>
			<de>Gold</de>
			<fr>Or</fr>
		</text>
		<text name="configuration_polished_metal">
			<en>Polished metal</en>
			<de>Poliertes Metall</de>
			<fr>Métal poli</fr>
		</text>
		<text name="configuration_MAN_BEIGECLASSIC">
			<en>MAN Beige Classic</en>
			<de>MAN Beige Classic</de>
			<fr>MAN Beige classique</fr>
		</text>
		<text name="configuration_MAN_BEIGE_1">
			<en>MAN Beige 1</en>
			<de>MAN Beige 1</de>
			<fr>MAN Beige 1</fr>
		</text>
		<text name="configuration_MAN_BEIGE_2">
			<en>MAN Beige 2</en>
			<de>MAN Beige 2</de>
			<fr>MAN Beige 2</fr>
		</text>
		<text name="configuration_MAN_BEIGE_3">
			<en>MAN Beige 3</en>
			<de>MAN Beige 3</de>
			<fr>MAN Beige 3</fr>
		</text>
		<text name="configuration_grey">
			<en>Grey</en>
			<de>Grau</de>
			<fr>Gris</fr>
		</text>
        <text name="configuration_LEMKEN_BLUE">
			<en>Lemken Blue</en>
			<de>Lemken Blau</de>
			<fr>Lemken Bleu</fr>
		</text>
        <text name="configuration_CLAAS_WHITE">
			<en>Claas White</en>
			<de>Claas Weiß</de>
			<fr>Claas Blanc</fr>
		</text>
        <text name="configuration_FENDT_BLACK">
			<en>Fendt Black</en>
			<de>Fendt Schwarz</de>
			<fr>Fendt Noir</fr>
		</text>
        <text name="configuration_ORANGE">
			<en>Stihl Orange</en>
			<de>Stihl Orange</de>
			<fr>Stihl Orange</fr>
		</text>
    </l10n>
	
	<brandColors>
        <color name="MAN_BLUE7" value="0 0.0685 0.1912 1" />
    </brandColors>
	
	<vehicleTypes>
		<type name="manTGSTank" parent="baseDrivable" className="Vehicle" filename="$dataS/scripts/vehicles/Vehicle.lua">
            <specialization name="foldable"/>
			<specialization name="fillTriggerVehicle" />
			<specialization name="fillVolume" />
			<specialization name="cover" />
			<specialization name="waterTrailer" />
			<specialization name="dischargeable" />
		</type>
	</vehicleTypes>

    <storeItems>
        <storeItem rootNode="vehicle" xmlFilename="manTGS26480Tank.xml"/>
        <storeItem rootNode="vehicle" xmlFilename="mks8.xml"/>
    </storeItems>
</modDesc>
