<?xml version="1.0" encoding="utf-8" standalone="no" ?>
<sounds xmlns:xsi="http://www.w3.org/2001/XMLSchema-instance" xsi:noNamespaceSchemaLocation="../../../../../shared/xml/schema/vehicle_sounds.xsd">
    <motorized>
        <sounds>
            <motor template="engineLarge" file="$data/vehicles/zetor/majorCL80/sounds/majorCL80_loop.gls" volumeScale="0.9"/>
            <motor template="indoorCabinRumble" />
            <gearbox template="transmissionSmall" volumeScale="0.35" pitchScale="0.8" />
            <compressedAir template="compressedAir"/>
            <airCompressorRun template="brakeCompressorSmall" volumeScale="0.8"/>
            <airCompressorStop template="compressedAir"/>
            <gearLeverStart template="gearDisengaged"/>
            <gearLeverEnd template="gearEngaged"/>
        </sounds>
    </motorized>

    <lights>
        <sounds>
            <toggleLights template="SWITCH_01"  />
            <turnLight template="SWITCH_TURNLIGHT"  />
        </sounds>
    </lights>

    <attacherJoints>
        <sounds>
            <attach template="ATTACH_01" />
            <hydraulic template="defaultHydraulicSound" />
        </sounds>
    </attacherJoints>

    <drivable>
        <sounds>
            <waterSplash template="WATER_SPLASH_01" />
        </sounds>
    </drivable>

    <honk>
        <sound template="hornDefault" />
    </honk>
</sounds>
