<?xml version="1.0" encoding="utf-8" standalone="no" ?>
<sounds xmlns:xsi="http://www.w3.org/2001/XMLSchema-instance" xsi:noNamespaceSchemaLocation="../../../../../shared/xml/schema/vehicle_sounds.xsd">

    <motorized>
        <sounds>
            <motor template="indoorCabinRumble" />
            <motorStart file="$data/vehicles/rigitrac/ske50/sounds/pump_start.wav" linkNode="0>" innerRadius="05" outerRadius="80.0" fadeOut="0.0" volumeScale="2.6">
                <volume indoor="0.05" outdoor="0.60" />
                <pitch indoor="0.8" outdoor="0.8" />
                <lowpassGain indoor="0.2" outdoor="1.0" />
            </motorStart>
            <motorStop file="$data/vehicles/rigitrac/ske50/sounds/pump_stop.wav" linkNode="0>" innerRadius="05" outerRadius="80.0" volumeScale="2.6">
                <volume indoor="0.05" outdoor="0.60" />
                <pitch indoor="0.8" outdoor="0.8" />
                <lowpassGain indoor="0.2" outdoor="1.0" />
            </motorStop>
            
            <motor file="$data/vehicles/rigitrac/ske50/sounds/pump_loop.wav" linkNode="0>" innerRadius="05" outerRadius="80.0" fadeOut="0.1" volumeScale="2.6">
                <volume indoor="0.05" outdoor="0.40" >
                    <modifier type="SPEED" value="0.00" modifiedValue="1.00" />
                    <modifier type="SPEED" value="10.0" modifiedValue="0.80" />
                    <modifier type="SPEED" value="30.0" modifiedValue="0.25" />
                </volume>
                <pitch indoor="0.8" outdoor="0.8" >
                    <modifier type="SUSPENSION" value="-1.0" modifiedValue="0.90" />
                    <modifier type="SUSPENSION" value="-0.5" modifiedValue="0.95" />
                    <modifier type="SUSPENSION" value="0" modifiedValue="1.0" />
                    <modifier type="SUSPENSION" value="0.5" modifiedValue="1.05" />
                    <modifier type="SUSPENSION" value="1.0" modifiedValue="1.10" />
                </pitch>
                <lowpassGain indoor="0.2" outdoor="1.0" />
            </motor>
            
            <motor file="$data/vehicles/rigitrac/ske50/sounds/rigitrac_ske_50_electric_run_loop.wav" linkNode="0>" innerRadius="05" outerRadius="80.0" volumeScale="2.55">
                <volume indoor="0.05" outdoor="0.55" >
                    <modifier type="MOTOR_LOAD" value="0.5" modifiedValue="1.00" />
                    <modifier type="MOTOR_LOAD" value="0.7" modifiedValue="1.00" />
                    <modifier type="MOTOR_LOAD" value="1.0" modifiedValue="1.20" />
                    
                    <modifier type="SPEED" value="0.00" modifiedValue="0.00" />
                    <modifier type="SPEED" value="2.50" modifiedValue="0.25" />
                    <modifier type="SPEED" value="5.00" modifiedValue="0.80" />
                    <modifier type="SPEED" value="15.0" modifiedValue="1.00" />
                    <modifier type="SPEED" value="43.0" modifiedValue="1.20" />
                </volume>
                <pitch indoor="0.7" outdoor="0.7" >
                    <modifier type="SPEED" value="0.00" modifiedValue="0.25" />
                    <modifier type="SPEED" value="4.00" modifiedValue="0.75" />
                    <modifier type="SPEED" value="10.0" modifiedValue="0.90" />
                    <modifier type="SPEED" value="25.0" modifiedValue="1.00" />
                    <modifier type="SPEED" value="43.0" modifiedValue="1.20" />
                    
                    <modifier type="COMBINE_LOAD" value="0.00" modifiedValue="1.00" />
                    <modifier type="COMBINE_LOAD" value="1.00" modifiedValue="0.90" />
            
                    <modifier type="MOWER_LOAD" value="0.00" modifiedValue="1.00" />
                    <modifier type="MOWER_LOAD" value="1.00" modifiedValue="0.90" />
            
                    <modifier type="SUSPENSION" value="-1.0" modifiedValue="0.90" />
                    <modifier type="SUSPENSION" value="-0.5" modifiedValue="0.95" />
                    <modifier type="SUSPENSION" value="0" modifiedValue="1.0" />
                    <modifier type="SUSPENSION" value="0.5" modifiedValue="1.05" />
                    <modifier type="SUSPENSION" value="1.0" modifiedValue="1.10" />
                </pitch>
                <lowpassGain indoor="0.2" outdoor="1.0" />
            </motor>
            
            <motor file="$data/vehicles/rigitrac/ske50/sounds/engine_whistle_loop.wav" linkNode="0>" innerRadius="05" outerRadius="80.0" volumeScale="2.6">
                <volume indoor="0.10" outdoor="0.25" >
                    <modifier type="MOTOR_LOAD" value="0.5" modifiedValue="0.40" />
                    <modifier type="MOTOR_LOAD" value="0.7" modifiedValue="1.00" />
                    <modifier type="MOTOR_LOAD" value="1.0" modifiedValue="1.20" />
                    
                    <modifier type="SPEED" value="0.00" modifiedValue="0.00" />
                    <modifier type="SPEED" value="5.50" modifiedValue="0.00" />
                    <modifier type="SPEED" value="15.0" modifiedValue="0.50" />
                    <modifier type="SPEED" value="37.0" modifiedValue="1.00" />
                    <modifier type="SPEED" value="43.0" modifiedValue="0.75" />
                </volume>
                <pitch indoor="0.4" outdoor="0.4" >
                    <modifier type="SPEED" value="0.00" modifiedValue="0.25" />
                    <modifier type="SPEED" value="18.0" modifiedValue="1.00" />
                    <modifier type="SPEED" value="43.0" modifiedValue="1.70" />
                    
                    <modifier type="COMBINE_LOAD" value="0.00" modifiedValue="1.00" />
                    <modifier type="COMBINE_LOAD" value="1.00" modifiedValue="0.90" />
            
                    <modifier type="MOWER_LOAD" value="0.00" modifiedValue="1.00" />
                    <modifier type="MOWER_LOAD" value="1.00" modifiedValue="0.90" />
            
                    <modifier type="SUSPENSION" value="-1.0" modifiedValue="0.90" />
                    <modifier type="SUSPENSION" value="-0.05" modifiedValue="0.95" />
                    <modifier type="SUSPENSION" value="0" modifiedValue="1.0" />
                    <modifier type="SUSPENSION" value="0.05" modifiedValue="1.05" />
                    <modifier type="SUSPENSION" value="1.0" modifiedValue="1.10" />
                </pitch>
                <lowpassGain indoor="0.2" outdoor="1.0" />
            </motor>
            
            <motor file="$data/vehicles/rigitrac/ske50/sounds/engine_whistle_loop.wav" linkNode="0>" innerRadius="05" outerRadius="80.0" volumeScale="2.6">
                <volume indoor="0.05" outdoor="0.20" >
                    <modifier type="MOTOR_LOAD" value="0.5" modifiedValue="0.40" />
                    <modifier type="MOTOR_LOAD" value="0.7" modifiedValue="1.00" />
                    <modifier type="MOTOR_LOAD" value="1.0" modifiedValue="1.20" />
                    
                    <modifier type="SPEED" value="0.00" modifiedValue="0.00" />
                    <modifier type="SPEED" value="5.50" modifiedValue="0.00" />
                    <modifier type="SPEED" value="15.0" modifiedValue="0.50" />
                    <modifier type="SPEED" value="37.0" modifiedValue="1.00" />
                    <modifier type="SPEED" value="43.0" modifiedValue="0.75" />
                </volume>
                <pitch indoor="0.45" outdoor="0.45" >
                    <modifier type="SPEED" value="0.00" modifiedValue="0.25" />
                    <modifier type="SPEED" value="18.0" modifiedValue="1.00" />
                    <modifier type="SPEED" value="43.0" modifiedValue="1.80" />
                    
                    <modifier type="COMBINE_LOAD" value="0.00" modifiedValue="1.00" />
                    <modifier type="COMBINE_LOAD" value="1.00" modifiedValue="0.90" />
            
                    <modifier type="MOWER_LOAD" value="0.00" modifiedValue="1.00" />
                    <modifier type="MOWER_LOAD" value="1.00" modifiedValue="0.90" />
            
                    <modifier type="SUSPENSION" value="-1.0" modifiedValue="0.90" />
                    <modifier type="SUSPENSION" value="-0.05" modifiedValue="0.95" />
                    <modifier type="SUSPENSION" value="0" modifiedValue="1.0" />
                    <modifier type="SUSPENSION" value="0.05" modifiedValue="1.05" />
                    <modifier type="SUSPENSION" value="1.0" modifiedValue="1.10" />
                </pitch>
                <lowpassGain indoor="0.2" outdoor="1.0" />
            </motor>
            
            <gearbox file="$data/sounds/vehicles/transmission/transmissionLoop.wav" linkNode="0>" innerRadius="5.0" outerRadius="80.0" volumeScale="2.6">
                <volume indoor="0.4" outdoor="0.75" >
                    <modifier type="MOTOR_LOAD" value="0.5" modifiedValue="0.60" />
                    <modifier type="MOTOR_LOAD" value="0.7" modifiedValue="1.00" />
                    <modifier type="MOTOR_LOAD" value="1.0" modifiedValue="1.00" />
                
                    <modifier type="SPEED" value="0.0" modifiedValue="0.0" />
                    <modifier type="SPEED" value="3.0" modifiedValue="0.25" />
                    <modifier type="SPEED" value="50.0" modifiedValue="1.0" />
                
                    <modifier type="SUSPENSION" value="-1.0" modifiedValue="0.9" />
                    <modifier type="SUSPENSION" value="-0.5" modifiedValue="0.95" />
                    <modifier type="SUSPENSION" value="0" modifiedValue="1.0" />
                    <modifier type="SUSPENSION" value="0.5" modifiedValue="0.95" />
                    <modifier type="SUSPENSION" value="1.0" modifiedValue="0.9" />
                </volume>
                <pitch indoor="1.2" outdoor="1.2" >
                    <modifier type="SPEED" value="0.0" modifiedValue="0.8" />
                    <modifier type="SPEED" value="50.0" modifiedValue="1.2" />
                    
                    <modifier type="SUSPENSION" value="-1.0" modifiedValue="1.05" />
                    <modifier type="SUSPENSION" value="-0.5" modifiedValue="1.02" />
                    <modifier type="SUSPENSION" value="0" modifiedValue="1.0" />
                    <modifier type="SUSPENSION" value="0.5" modifiedValue="0.98" />
                    <modifier type="SUSPENSION" value="1.0" modifiedValue="0.95" />
                </pitch>
                <lowpassGain indoor="0.5" outdoor="1.0" />
            </gearbox>
        </sounds>
    </motorized>

    <lights>
        <sounds>
            <toggleLights template="SWITCH_01"  />
            <turnLight template="SWITCH_TURNLIGHT"  />
        </sounds>
    </lights>

    <attacherJoints>
        <sounds>
            <attach template="ATTACH_01" />
            <hydraulic template="defaultHydraulicSound" />
        </sounds>
    </attacherJoints>

    <drivable>
        <sounds>
            <waterSplash template="WATER_SPLASH_01" />
        </sounds>
    </drivable>

    <honk>
        <sound template="hornRigitracSke50" />
    </honk>

    
</sounds>
