﻿<?xml version="1.0" encoding="utf-8" standalone="no" ?>
<modDesc descVersion="61">
    <author>Sham130</author>
    <version>1.0.0.0</version>
    <title>
        <en>Massey Ferguson 3600</en>

    </title>
    <description>
        <en><![CDATA[The Massey Ferguson 3600 pack includes the 3670, 3680, 3690 and also includes the Landini 19500. The horsepower of these tractors ranges from 170hp to 190hp. they were manufactured from 1992 to 1994
		-Price 97000
		-Engine Configs 3670, 3680, 3690 and Landni 19500]]></en>
        <de><![CDATA[Das Massey Ferguson 3600-Paket umfasst den 3670, 3680, 3690 und auch den Landini 19500. Die PS dieser Traktoren reichen von 170 PS bis 190 PS. sie wurden von 1992 bis 1994 hergestellt
-Preis 97000
-Motorkonfigurationen 3670, 3680, 3690 und Landni 19500]]></de>
    </description>
    <iconFilename>icon_series3670.png</iconFilename>
    <storeItems>
        <storeItem xmlFilename="series3670.xml"/>
    </storeItems>
	<l10n>
		<text name="ui_colorMasseyFerguson"><en>MasseyFerguson</en></text>
		<text name="ui_colorLandini"><en>Landini</en></text>
	</l10n>
</modDesc>
